Date,BIST100,USDTRY,EURTRY,GOLD
2010-01-04,533.67919921875,1.473099946975708,2.125200033187866,1117.699951171875
2010-01-05,541.1481323242188,1.4726999998092651,2.115299940109253,1118.0999755859375
2010-01-06,545.4711303710938,1.4714000225067139,2.1226000785827637,1135.9000244140625
2010-01-07,549.72607421875,1.471500039100647,2.1075000762939453,1133.0999755859375
2010-01-08,547.97607421875,1.4579999446868896,2.1005001068115234,1138.199951171875
2010-01-11,539.2081298828125,1.4501999616622925,2.1050000190734863,1150.699951171875
2010-01-12,536.7611083984375,1.4535000324249268,2.1052000522613525,1128.9000244140625
2010-01-13,546.2691040039062,1.4515999555587769,2.1094000339508057,1136.4000244140625
2010-01-14,547.403076171875,1.4549000263214111,2.111599922180176,1142.5999755859375
2010-01-15,540.0541381835938,1.4559999704360962,2.095900058746338,1130.0999755859375
2010-01-18,545.505126953125,1.4503999948501587,2.089600086212158,
2010-01-19,551.5930786132812,1.4555000066757202,2.0794999599456787,1139.699951171875
2010-01-20,554.6890869140625,1.4723999500274658,2.0797998905181885,1112.300048828125
2010-01-21,553.0090942382812,1.4859000444412231,2.095400094985962,1102.699951171875
2010-01-22,539.9721069335938,1.4884999990463257,2.104300022125244,1089.199951171875
2010-01-25,542.80712890625,1.4860999584197998,2.102799892425537,1095.199951171875
2010-01-26,543.172119140625,1.4902000427246094,2.098900079727173,1097.9000244140625
2010-01-27,540.7071533203125,1.4986000061035156,2.10260009765625,1084.4000244140625
2010-01-28,547.7020874023438,1.496899962425232,2.091099977493286,1083.5999755859375
2010-01-29,546.5031127929688,1.4961999654769897,2.074700117111206,1083.0
2010-02-01,555.257080078125,1.482300043106079,2.0645999908447266,1104.300048828125
2010-02-02,551.4730834960938,1.4866000413894653,2.077399969100952,1117.4000244140625
2010-02-03,550.68408203125,1.4918999671936035,2.0754001140594482,1111.4000244140625
2010-02-04,534.6361694335938,1.520900011062622,2.0889999866485596,1062.4000244140625
2010-02-05,514.5462646484375,1.5276999473571777,2.09060001373291,1052.199951171875
2010-02-08,499.33135986328125,1.5221999883651733,2.076900005340576,1065.699951171875
2010-02-09,508.2613220214844,1.5069999694824219,2.076900005340576,1076.699951171875
2010-02-10,505.67230224609375,1.5152000188827515,2.085599899291992,1075.800048828125
2010-02-11,513.8072509765625,1.5110000371932983,2.0676000118255615,1094.199951171875
2010-02-12,510.6352844238281,1.51419997215271,2.064500093460083,1089.5
2010-02-15,513.3412475585938,1.5156999826431274,2.061300039291382,
2010-02-16,517.4822387695312,1.5053000450134277,2.071700096130371,1119.300048828125
2010-02-17,532.7301635742188,1.5113999843597412,2.0560998916625977,1119.5
2010-02-18,524.4951782226562,1.5254000425338745,2.0529000759124756,1118.0
2010-02-19,533.1871948242188,1.511199951171875,2.0576000213623047,1121.300048828125
2010-02-22,525.9262084960938,1.5289000272750854,2.0810000896453857,1112.5999755859375
2010-02-23,514.1632690429688,1.5506000518798828,2.0982000827789307,1102.699951171875
2010-02-24,496.5933837890625,1.5470000505447388,2.0957999229431152,1096.5
2010-02-25,487.39141845703125,1.5463999509811401,2.0940001010894775,1107.800048828125
2010-02-26,497.0523681640625,1.5462000370025635,2.1071999073028564,1118.300048828125
2010-03-01,511.83428955078125,1.5356999635696411,2.0834999084472656,1117.800048828125
2010-03-02,514.7582397460938,1.5339000225067139,2.088599920272827,1136.9000244140625
2010-03-03,516.98828125,1.5369000434875488,2.1061999797821045,1142.699951171875
2010-03-04,514.4042358398438,1.5507999658584595,2.1064000129699707,1132.5999755859375
2010-03-05,526.253173828125,1.5367000102996826,2.093400001525879,1134.800048828125
2010-03-08,532.9622192382812,1.5306999683380127,2.0845000743865967,1123.5999755859375
2010-03-09,529.59716796875,1.5327999591827393,2.086400032043457,1122.0
2010-03-10,527.5272216796875,1.5318000316619873,2.091200113296509,1107.800048828125
2010-03-11,523.76318359375,1.531000018119812,2.095900058746338,1108.0
2010-03-12,522.3272705078125,1.5269999504089355,2.102400064468384,1101.5
2010-03-15,519.7112426757812,1.5262999534606934,2.088099956512451,1105.0999755859375
2010-03-16,532.3302001953125,1.5202000141143799,2.093400001525879,1122.199951171875
2010-03-17,543.0341186523438,1.5110000371932983,2.077399969100952,1124.0
2010-03-18,535.3411254882812,1.5257999897003174,2.078000068664551,1127.4000244140625
2010-03-19,534.3671875,1.5343999862670898,2.0776000022888184,1107.4000244140625
2010-03-22,538.921142578125,1.5365999937057495,2.087100028991699,1099.300048828125
2010-03-23,543.51416015625,1.5369999408721924,2.0708000659942627,1103.5
2010-03-24,551.3630981445312,1.5501999855041504,2.0627999305725098,1088.5999755859375
2010-03-25,570.4439697265625,1.5428999662399292,2.0511999130249023,1092.699951171875
2010-03-26,566.10400390625,1.5348999500274658,2.0608999729156494,1104.199951171875
2010-03-29,566.6790161132812,1.5270999670028687,2.061199903488159,1110.300048828125
2010-03-30,567.541015625,1.5281000137329102,2.05430006980896,1104.5
2010-03-31,565.3809814453125,1.5155999660491943,2.0494000911712646,1113.300048828125
2010-04-01,577.0789184570312,1.5145000219345093,2.058500051498413,1125.0999755859375
2010-04-02,580.595947265625,1.513100028038025,2.0439999103546143,
2010-04-05,586.4468994140625,1.506100058555603,2.033099889755249,1132.9000244140625
2010-04-06,584.0609130859375,1.503499984741211,2.014699935913086,1135.0999755859375
2010-04-07,586.452880859375,1.4980000257492065,1.9996999502182007,1152.300048828125
2010-04-08,584.1178588867188,1.4943000078201294,1.9996000528335571,1152.199951171875
2010-04-09,591.8499145507812,1.4874999523162842,2.0023999214172363,1161.0999755859375
2010-04-12,588.212890625,1.486299991607666,2.021699905395508,1161.5999755859375
2010-04-13,580.7509765625,1.4851000308990479,2.0213000774383545,1152.800048828125
2010-04-14,593.2998046875,1.4742000102996826,2.0141000747680664,1159.0
2010-04-15,590.5479125976562,1.4718999862670898,1.996500015258789,1159.699951171875
2010-04-16,582.2318725585938,1.4810999631881714,2.0013999938964844,1136.300048828125
2010-04-19,581.5269165039062,1.4901000261306763,2.0104000568389893,1135.199951171875
2010-04-20,588.85791015625,1.48580002784729,1.9966000318527222,1138.5999755859375
2010-04-21,584.505859375,1.4809999465942383,1.9838000535964966,1148.199951171875
2010-04-22,583.380859375,1.4864000082015991,1.9739999771118164,1142.300048828125
2010-04-23,,1.4807000160217285,1.983199954032898,1153.0999755859375
2010-04-26,590.4288940429688,1.4722000360488892,1.9738999605178833,1153.5
2010-04-27,582.1708984375,1.5027999877929688,1.9808000326156616,1161.699951171875
2010-04-28,579.3279418945312,1.4957000017166138,1.9775999784469604,1171.300048828125
2010-04-29,587.02490234375,1.4811999797821045,1.9667999744415283,1168.4000244140625
2010-04-30,589.587890625,1.4880000352859497,1.9726999998092651,1180.0999755859375
2010-05-03,583.9989013671875,1.489799976348877,1.9670000076293945,1182.699951171875
2010-05-04,573.4069213867188,1.5202000141143799,1.9732999801635742,1168.5999755859375
2010-05-05,564.4080200195312,1.534999966621399,1.9668999910354614,1174.5999755859375
2010-05-06,557.633056640625,1.5894999504089355,2.003200054168701,1196.9000244140625
2010-05-07,526.8671875,1.5614999532699585,1.9895000457763672,1210.0
2010-05-10,564.4769897460938,1.524999976158142,1.948699951171875,1200.4000244140625
2010-05-11,564.614013671875,1.532099962234497,1.937999963760376,1219.9000244140625
2010-05-12,579.761962890625,1.5227999687194824,1.926200032234192,1242.699951171875
2010-05-13,579.2939453125,1.5214999914169312,1.9081000089645386,1228.800048828125
2010-05-14,557.47607421875,1.5425000190734863,1.9083000421524048,1227.4000244140625
2010-05-17,560.7080078125,1.541700005531311,1.9106999635696411,1227.699951171875
2010-05-18,569.7799682617188,1.5612000226974487,1.9004000425338745,1214.300048828125
2010-05-19,,1.5743000507354736,1.9523999691009521,1192.5999755859375
2010-05-20,544.4961547851562,1.5960999727249146,1.993299961090088,1187.800048828125
2010-05-21,541.1131591796875,1.5755000114440918,1.9815000295639038,1175.699951171875
2010-05-24,545.5791015625,1.5751999616622925,1.9467999935150146,1193.800048828125
2010-05-25,522.5682373046875,1.5786999464035034,1.9521000385284424,1197.800048828125
2010-05-26,541.0321044921875,1.5855000019073486,1.9306000471115112,1213.300048828125
2010-05-27,544.9771118164062,1.5571999549865723,1.9215999841690063,1211.9000244140625
2010-05-28,552.3340454101562,1.5652999877929688,1.9218000173568726,1212.199951171875
2010-05-31,543.8461303710938,1.5717999935150146,1.9311000108718872,
2010-06-01,544.6011352539062,1.5817999839782715,1.9349000453948975,1224.800048828125
2010-06-02,552.1220703125,1.5772000551223755,1.9306000471115112,1220.5999755859375
2010-06-03,554.069091796875,1.5844000577926636,1.9282000064849854,1208.300048828125
2010-06-04,546.1261596679688,1.6059000492095947,1.9235999584197998,1216.199951171875
2010-06-07,543.0631103515625,1.6115000247955322,1.919800043106079,1239.300048828125
2010-06-08,536.64111328125,1.5993000268936157,1.9160000085830688,1244.0
2010-06-09,543.046142578125,1.6008000373840332,1.9194999933242798,1228.5
2010-06-10,548.6150512695312,1.5774999856948853,1.9118000268936157,1220.800048828125
2010-06-11,551.3130493164062,1.5750999450683594,1.9105000495910645,1228.9000244140625
2010-06-14,556.8850708007812,1.5745999813079834,1.9249000549316406,1223.300048828125
2010-06-15,564.2100219726562,1.5645999908447266,1.9251999855041504,1233.199951171875
2010-06-16,564.0260009765625,1.5597000122070312,1.9218000173568726,1229.300048828125
2010-06-17,568.906982421875,1.5606000423431396,1.9319000244140625,1247.5
2010-06-18,570.3419189453125,1.5528000593185425,1.9255000352859497,1257.199951171875
2010-06-21,572.7689208984375,1.5566999912261963,1.9174000024795532,1239.699951171875
2010-06-22,570.0669555664062,1.5652999877929688,1.9220999479293823,1239.9000244140625
2010-06-23,559.06103515625,1.569599986076355,1.9349000453948975,1234.0999755859375
2010-06-24,559.1539916992188,1.5745999813079834,1.9450000524520874,1245.5
2010-06-25,558.6390380859375,1.5720000267028809,1.9469000101089478,1255.800048828125
2010-06-28,564.3280029296875,1.573199987411499,1.9319000244140625,1238.199951171875
2010-06-29,552.1500854492188,1.590000033378601,1.9391000270843506,1242.0
2010-06-30,548.39208984375,1.5812000036239624,1.9352999925613403,1245.5
2010-07-01,545.3401489257812,1.5776000022888184,1.9733999967575073,1206.300048828125
2010-07-02,556.362060546875,1.5615999698638916,1.9601999521255493,1207.4000244140625
2010-07-05,557.152099609375,1.5616999864578247,1.9591000080108643,
2010-07-06,567.875,1.5529999732971191,1.9601000547409058,1194.800048828125
2010-07-07,567.9830322265625,1.5506000518798828,1.9605000019073486,1198.5999755859375
2010-07-08,573.4529418945312,1.5464999675750732,1.9646999835968018,1195.800048828125
2010-07-09,571.5059204101562,1.551200032234192,1.9620000123977661,1209.5999755859375
2010-07-12,575.6949462890625,1.5533000230789185,1.9558000564575195,1198.5
2010-07-13,582.7838745117188,1.5422999858856201,1.9629000425338745,1213.300048828125
2010-07-14,583.0098876953125,1.5377000570297241,1.9609999656677246,1206.800048828125
2010-07-15,576.8959350585938,1.5311000347137451,1.979599952697754,1208.0999755859375
2010-07-16,577.2909545898438,1.5390000343322754,1.9910000562667847,1188.0
2010-07-19,581.140869140625,1.5367000102996826,1.988700032234192,1181.699951171875
2010-07-20,582.27490234375,1.527500033378601,1.9704999923706055,1191.5
2010-07-21,594.94384765625,1.5313999652862549,1.9571000337600708,1191.5999755859375
2010-07-22,599.1918334960938,1.5168999433517456,1.9581999778747559,1195.5
2010-07-23,592.9918212890625,1.5198999643325806,1.9636000394821167,1187.699951171875
2010-07-26,595.0738525390625,1.5123000144958496,1.9671000242233276,1183.0
2010-07-27,603.2858276367188,1.5087000131607056,1.961400032043457,1158.0
2010-07-28,604.0398559570312,1.5108000040054321,1.9644999504089355,1160.4000244140625
2010-07-29,607.3697509765625,1.5099999904632568,1.976099967956543,1168.4000244140625
2010-07-30,598.6648559570312,1.5047999620437622,1.9651999473571777,1181.699951171875
2010-08-02,606.9287719726562,1.4924999475479126,1.9677000045776367,1183.4000244140625
2010-08-03,600.7817993164062,1.4914000034332275,1.9737999439239502,1185.199951171875
2010-08-04,598.8038330078125,1.4914000034332275,1.9737999439239502,1193.699951171875
2010-08-05,596.02783203125,1.4973000288009644,1.972100019454956,1197.199951171875
2010-08-06,597.52685546875,1.5,1.9788000583648682,1203.4000244140625
2010-08-09,598.8538208007812,1.4864000082015991,1.9780000448226929,1200.699951171875
2010-08-10,591.69287109375,1.490399956703186,1.9732999801635742,1196.199951171875
2010-08-11,581.5438842773438,1.4966000318527222,1.9759999513626099,1197.5
2010-08-12,583.8338623046875,1.5233999490737915,1.9591000080108643,1214.800048828125
2010-08-13,584.7958984375,1.5175000429153442,1.9478000402450562,1214.9000244140625
2010-08-16,588.2249145507812,1.5148999691009521,1.9359999895095825,1224.5
2010-08-17,594.6258544921875,1.5081000328063965,1.9337999820709229,1226.5999755859375
2010-08-18,594.4308471679688,1.4954999685287476,1.927299976348877,1229.699951171875
2010-08-19,588.4909057617188,1.4982999563217163,1.9279999732971191,1233.800048828125
2010-08-20,587.4959106445312,1.5081000328063965,1.932800054550171,1227.199951171875
2010-08-23,588.9019165039062,1.5140000581741333,1.9255000352859497,1226.9000244140625
2010-08-24,586.2288818359375,1.527899980545044,1.9318000078201294,1231.800048828125
2010-08-25,582.8538818359375,1.531999945640564,1.9371999502182007,1239.5
2010-08-26,590.577880859375,1.524999976158142,1.9332000017166138,1235.4000244140625
2010-08-27,593.455810546875,1.520799994468689,1.933500051498413,1236.0
2010-08-30,,1.5120999813079834,1.9300999641418457,1237.0999755859375
2010-08-31,599.7228393554688,1.5232000350952148,1.9305000305175781,1248.300048828125
2010-09-01,606.8517456054688,1.5247000455856323,1.9356000423431396,1246.300048828125
2010-09-02,608.6537475585938,1.5139000415802002,1.9392999410629272,1251.5
2010-09-03,609.9847412109375,1.5090999603271484,1.9364999532699585,1249.199951171875
2010-09-06,611.0067749023438,1.4973000288009644,1.931399941444397,
2010-09-07,607.4647827148438,1.500599980354309,1.933500051498413,1257.300048828125
2010-09-08,606.0777587890625,1.51419997215271,1.9210000038146973,1255.5999755859375
2010-09-09,,1.5140999555587769,1.9290000200271606,1248.9000244140625
2010-09-10,,1.5084999799728394,1.9163999557495117,1244.5
2010-09-13,622.5977172851562,1.4924999475479126,1.899899959564209,1245.0999755859375
2010-09-14,624.7866821289062,1.4940999746322632,1.924299955368042,1269.699951171875
2010-09-15,633.9736328125,1.4895999431610107,1.936400055885315,1266.699951171875
2010-09-16,637.3246459960938,1.4878000020980835,1.938099980354309,1271.9000244140625
2010-09-17,638.6165771484375,1.493899941444397,1.9549000263214111,1275.5999755859375
2010-09-20,642.892578125,1.4912999868392944,1.9457999467849731,1279.0
2010-09-21,641.2435913085938,1.4883999824523926,1.9469000101089478,1272.4000244140625
2010-09-22,644.78759765625,1.485700011253357,1.9707000255584717,1290.199951171875
2010-09-23,641.922607421875,1.4829000234603882,1.9879000186920166,1294.300048828125
2010-09-24,642.4115600585938,1.4850000143051147,1.9785000085830688,1296.0
2010-09-27,646.2695922851562,1.4747999906539917,1.989400029182434,1296.699951171875
2010-09-28,655.8955078125,1.4693000316619873,1.9753999710083008,1306.5999755859375
2010-09-29,655.510498046875,1.4629000425338745,1.9866000413894653,1308.5
2010-09-30,657.7405395507812,1.4505000114440918,1.9783999919891357,1307.800048828125
2010-10-01,648.8236083984375,1.4457999467849731,1.9707000255584717,1316.0999755859375
2010-10-04,654.1465454101562,1.442199945449829,1.9879000186920166,1315.4000244140625
2010-10-05,662.8284301757812,1.4549000263214111,1.9903000593185425,1338.9000244140625
2010-10-06,668.79345703125,1.4266999959945679,1.9742000102996826,1346.4000244140625
2010-10-07,667.5864868164062,1.416200041770935,1.972100019454956,1333.9000244140625
2010-10-08,672.16845703125,1.4253000020980835,1.9853999614715576,1344.199951171875
2010-10-11,689.996337890625,1.409500002861023,1.97160005569458,1353.300048828125
2010-10-12,696.7472534179688,1.4147000312805176,1.9643000364303589,1345.699951171875
2010-10-13,701.665283203125,1.4101999998092651,1.962499976158142,1369.5
2010-10-14,692.2533569335938,1.4048999547958374,1.9627000093460083,1376.699951171875
2010-10-15,701.00830078125,1.406599998474121,1.9809000492095947,1371.0999755859375
2010-10-18,704.5762939453125,1.4101999998092651,1.9700000286102295,1371.199951171875
2010-10-19,698.38427734375,1.4124000072479248,1.9704999923706055,1335.0999755859375
2010-10-20,693.641357421875,1.4372999668121338,1.9708000421524048,1343.300048828125
2010-10-21,704.499267578125,1.4213999509811401,1.9871000051498413,1324.699951171875
2010-10-22,710.064208984375,1.4255000352859497,1.9846999645233154,1324.4000244140625
2010-10-25,709.2341918945312,1.4219000339508057,1.983299970626831,1338.300048828125
2010-10-26,707.4632568359375,1.4160000085830688,1.9744000434875488,1338.0
2010-10-27,685.88134765625,1.4250999689102173,1.9769999980926514,1322.199951171875
2010-10-28,687.601318359375,1.4423999786376953,1.9874000549316406,1342.0999755859375
2010-10-29,,1.4292999505996704,1.9917000532150269,1357.0999755859375
2010-11-01,690.7393188476562,1.4316999912261963,1.9493999481201172,1350.199951171875
2010-11-02,685.2183227539062,1.4248000383377075,1.9836000204086304,1356.4000244140625
2010-11-03,686.0423583984375,1.409500002861023,1.9788999557495117,1337.0999755859375
2010-11-04,709.0502319335938,1.4021999835968018,1.9830000400543213,1382.699951171875
2010-11-05,707.7882080078125,1.392899990081787,1.9829000234603882,1397.300048828125
2010-11-08,709.4072265625,1.395900011062622,1.9657000303268433,1402.800048828125
2010-11-09,715.42919921875,1.4098000526428223,1.9566999673843384,1409.800048828125
2010-11-10,705.6062622070312,1.4143999814987183,1.9488999843597412,1399.0999755859375
2010-11-11,700.8462524414062,1.4144999980926514,1.9508999586105347,1403.0999755859375
2010-11-12,695.52734375,1.434000015258789,1.9555000066757202,1365.4000244140625
2010-11-15,699.977294921875,1.4377000331878662,1.968999981880188,1368.4000244140625
2010-11-16,,1.4444999694824219,1.961899995803833,1338.300048828125
2010-11-17,,1.461899995803833,1.9714000225067139,1336.800048828125
2010-11-18,,1.452299952507019,1.9696999788284302,1352.9000244140625
2010-11-19,,1.4408999681472778,1.968500018119812,1352.199951171875
2010-11-22,679.2614135742188,1.4372999668121338,1.9778000116348267,1357.699951171875
2010-11-23,663.3504638671875,1.4529000520706177,1.976699948310852,1377.5
2010-11-24,672.303466796875,1.481600046157837,1.9838000535964966,1372.9000244140625
2010-11-25,671.4854736328125,1.4759000539779663,1.9717999696731567,
2010-11-26,661.4735107421875,1.470900058746338,1.9632999897003174,1362.300048828125
2010-11-29,640.7185668945312,1.4853999614715576,1.9674999713897705,1366.0
2010-11-30,653.5054931640625,1.5026999711990356,1.9693000316619873,1385.0
2010-12-01,661.5585327148438,1.502500057220459,1.9529999494552612,1387.300048828125
2010-12-02,669.387451171875,1.4882999658584595,1.9544999599456787,1388.5
2010-12-03,668.5984497070312,1.480299949645996,1.9571000337600708,1405.4000244140625
2010-12-06,677.1173706054688,1.4744000434875488,1.9794000387191772,1415.300048828125
2010-12-07,678.7313842773438,1.4830000400543213,1.971500039100647,1408.300048828125
2010-12-08,677.0424194335938,1.4759999513626099,1.9730000495910645,1382.5
2010-12-09,659.135498046875,1.4924999475479126,1.9785000085830688,1392.0999755859375
2010-12-10,647.5866088867188,1.5069999694824219,1.9910000562667847,1384.300048828125
2010-12-13,663.8004760742188,1.503000020980835,1.9902000427246094,1397.300048828125
2010-12-14,665.0934448242188,1.5054999589920044,2.011699914932251,1403.5999755859375
2010-12-15,654.988525390625,1.5090999603271484,2.021399974822998,1385.5
2010-12-16,644.2915649414062,1.5240000486373901,2.018399953842163,1370.4000244140625
2010-12-17,635.2386474609375,1.5185999870300293,2.0072999000549316,1378.5999755859375
2010-12-20,635.0126342773438,1.5465999841690063,1.9908000230789185,1385.5
2010-12-21,648.1925659179688,1.5509999990463257,2.0450000762939453,1388.199951171875
2010-12-22,654.3984985351562,1.5539000034332275,2.0427000522613525,1386.800048828125
2010-12-23,662.1864624023438,1.5529999732971191,2.0329999923706055,1380.0
2010-12-24,662.66943359375,1.5442999601364136,2.0271999835968018,
2010-12-27,663.5624389648438,1.5440000295639038,2.026900053024292,1382.4000244140625
2010-12-28,664.4154663085938,1.542199969291687,2.03439998626709,1405.199951171875
2010-12-29,667.1934814453125,1.5591000318527222,2.041800022125244,1413.0999755859375
2010-12-30,668.2174682617188,1.5490000247955322,2.0513999462127686,1405.5999755859375
2010-12-31,660.04150390625,1.552299976348877,2.065700054168701,1421.0999755859375
2011-01-03,676.0753784179688,1.541599988937378,2.060499906539917,1422.5999755859375
2011-01-04,682.2153930664062,1.5543999671936035,2.0769999027252197,1378.5
2011-01-05,688.2863159179688,1.5384999513626099,2.0492000579833984,1373.4000244140625
2011-01-06,693.1083374023438,1.5430999994277954,2.0311999320983887,1371.4000244140625
2011-01-07,687.6993408203125,1.5513999462127686,2.0134999752044678,1368.5
2011-01-10,678.743408203125,1.5707000494003296,2.027600049972534,1373.699951171875
2011-01-11,676.6864013671875,1.5752999782562256,2.042799949645996,1384.0
2011-01-12,679.2354125976562,1.575700044631958,2.047100067138672,1385.699951171875
2011-01-13,685.7513427734375,1.559399962425232,2.0487000942230225,1386.9000244140625
2011-01-14,678.7924194335938,1.5455000400543213,2.066999912261963,1360.4000244140625
2011-01-17,668.3104858398438,1.5496000051498413,2.074199914932251,
2011-01-18,664.2794799804688,1.5398000478744507,2.045799970626831,1368.0999755859375
2011-01-19,664.62548828125,1.5370999574661255,2.0571999549865723,1370.199951171875
2011-01-20,652.8765258789062,1.5471999645233154,2.0831000804901123,1346.5
2011-01-21,659.26953125,1.5805000066757202,2.1287999153137207,1341.0
2011-01-24,652.0135498046875,1.5693999528884888,2.1384999752044678,1344.5
2011-01-25,651.5255126953125,1.5607000589370728,2.1287999153137207,1332.300048828125
2011-01-26,659.6065063476562,1.5663000345230103,2.142899990081787,1333.0
2011-01-27,650.3825073242188,1.573799967765808,2.15939998626709,1318.4000244140625
2011-01-28,632.109619140625,1.577299952507019,2.1659998893737793,1340.699951171875
2011-01-31,632.7776489257812,1.6100000143051147,2.1475000381469727,1333.800048828125
2011-02-01,648.2225952148438,1.6043000221252441,2.200900077819824,1339.5999755859375
2011-02-02,653.0675048828125,1.5771000385284424,2.1814000606536865,1331.5
2011-02-03,637.2766723632812,1.5757999420166016,2.178499937057495,1352.300048828125
2011-02-04,653.0865478515625,1.5936000347137451,2.1723999977111816,1348.300048828125
2011-02-07,649.0526123046875,1.5835000276565552,2.1524999141693115,1347.5999755859375
2011-02-08,652.5375366210938,1.5757999420166016,2.1426000595092773,1363.4000244140625
2011-02-09,655.6925048828125,1.5738999843597412,2.1461000442504883,1364.800048828125
2011-02-10,644.2116088867188,1.5882999897003174,2.1807000637054443,1361.9000244140625
2011-02-11,647.3005981445312,1.5918999910354614,2.1668999195098877,1359.9000244140625
2011-02-14,645.6856079101562,1.5859999656677246,2.143399953842163,1364.5999755859375
2011-02-15,648.017578125,1.593500018119812,2.148699998855591,1373.5999755859375
2011-02-16,653.614501953125,1.5942000150680542,2.1522998809814453,1374.699951171875
2011-02-17,659.728515625,1.5814000368118286,2.1484999656677246,1384.699951171875
2011-02-18,659.8544921875,1.5738999843597412,2.1442999839782715,1388.199951171875
2011-02-21,651.2864990234375,1.5743000507354736,2.15910005569458,
2011-02-22,646.5845947265625,1.5891000032424927,2.173099994659424,1400.5
2011-02-23,631.3136596679688,1.5985000133514404,2.1861000061035156,1413.4000244140625
2011-02-24,607.604736328125,1.6068999767303467,2.212399959564209,1415.300048828125
2011-02-25,613.6697387695312,1.6009999513626099,2.2130000591278076,1408.699951171875
2011-02-28,612.8357543945312,1.5906000137329102,2.1916000843048096,1409.300048828125
2011-03-01,587.0899047851562,1.5959999561309814,2.207200050354004,1430.699951171875
2011-03-02,586.638916015625,1.614400029182434,2.223099946975708,1437.199951171875
2011-03-03,603.8668212890625,1.6159000396728516,2.242300033569336,1416.0
2011-03-04,611.124755859375,1.597100019454956,2.2291998863220215,1428.199951171875
2011-03-07,602.1728515625,1.5979000329971313,2.2339999675750732,1434.0999755859375
2011-03-08,613.0137939453125,1.597100019454956,2.2307000160217285,1426.9000244140625
2011-03-09,624.834716796875,1.5882999897003174,2.207900047302246,1429.300048828125
2011-03-10,631.6886596679688,1.579300045967102,2.1970999240875244,1412.199951171875
2011-03-11,637.8136596679688,1.5815000534057617,2.1830999851226807,1421.5
2011-03-14,645.297607421875,1.5824999809265137,2.2058000564575195,1424.5999755859375
2011-03-15,642.1355590820312,1.5673999786376953,2.193700075149536,1392.5999755859375
2011-03-16,632.8006591796875,1.5771000385284424,2.206199884414673,1396.0
2011-03-17,634.8186645507812,1.5947999954223633,2.214400053024292,1404.0
2011-03-18,638.3896484375,1.5855000019073486,2.2253000736236572,1415.9000244140625
2011-03-21,642.153564453125,1.5765000581741333,2.2360000610351562,1426.199951171875
2011-03-22,648.7425537109375,1.5743999481201172,2.2381999492645264,1427.5
2011-03-23,637.192626953125,1.562399983406067,2.2146999835968018,1437.9000244140625
2011-03-24,643.5556030273438,1.5550999641418457,2.1949000358581543,1434.800048828125
2011-03-25,642.466552734375,1.5480999946594238,2.1939001083374023,1426.0999755859375
2011-03-28,642.6095581054688,1.556399941444397,2.183000087738037,1419.800048828125
2011-03-29,637.6346435546875,1.5591000318527222,2.1909000873565674,1416.0
2011-03-30,645.652587890625,1.5546000003814697,2.194000005722046,1423.800048828125
2011-03-31,644.341552734375,1.5511000156402588,2.1912999153137207,1438.9000244140625
2011-04-01,657.1405029296875,1.544100046157837,2.1865999698638916,1428.0999755859375
2011-04-04,675.81640625,1.5255999565124512,2.173099994659424,1432.199951171875
2011-04-05,676.8914184570312,1.5298999547958374,2.1763999462127686,1451.800048828125
2011-04-06,686.4883422851562,1.5273000001907349,2.172100067138672,1457.699951171875
2011-04-07,694.9013671875,1.5134999752044678,2.1703999042510986,1458.5
2011-04-08,680.9293823242188,1.5099999904632568,2.1598000526428223,1473.4000244140625
2011-04-11,681.9434204101562,1.5069999694824219,2.180299997329712,1467.4000244140625
2011-04-12,680.0653686523438,1.5153000354766846,2.1854000091552734,1452.9000244140625
2011-04-13,682.0303955078125,1.5214999914169312,2.2026000022888184,1454.9000244140625
2011-04-14,679.5913696289062,1.5199999809265137,2.191200017929077,1471.699951171875
2011-04-15,684.5014038085938,,,1485.300048828125
2011-04-18,666.0724487304688,1.5125000476837158,2.180500030517578,1492.300048828125
2011-04-19,677.4174194335938,1.5397000312805176,2.188999891281128,1494.5
2011-04-20,680.536376953125,1.527500033378601,2.1958000659942627,1498.300048828125
2011-04-21,685.65234375,1.5174000263214111,2.204900026321411,1503.199951171875
2011-04-22,686.9143676757812,1.5175000429153442,2.209700107574463,
2011-04-25,688.7033081054688,1.5146000385284424,2.2046000957489014,1508.5999755859375
2011-04-26,685.2403564453125,1.5247000455856323,2.2225000858306885,1503.0
2011-04-27,677.9234008789062,1.5226999521255493,2.2374000549316406,1516.699951171875
2011-04-28,684.3983764648438,1.5162999629974365,2.2421998977661133,1530.800048828125
2011-04-29,692.497314453125,1.5233999490737915,2.262200117111206,1556.0
2011-05-02,695.2203369140625,1.5204999446868896,2.2497000694274902,1556.699951171875
2011-05-03,700.7162475585938,1.5204999446868896,2.254300117492676,1540.0999755859375
2011-05-04,694.372314453125,1.5325000286102295,2.2739999294281006,1514.9000244140625
2011-05-05,693.745361328125,1.5460000038146973,2.2943999767303467,1480.9000244140625
2011-05-06,682.4053955078125,1.5484999418258667,2.2528998851776123,1491.199951171875
2011-05-09,679.5614013671875,1.5429999828338623,2.2056000232696533,1502.9000244140625
2011-05-10,672.596435546875,1.5448999404907227,2.2211999893188477,1516.5999755859375
2011-05-11,656.4295043945312,1.5583000183105469,2.245699882507324,1501.0999755859375
2011-05-12,665.3474731445312,1.5848000049591064,2.253700017929077,1506.5999755859375
2011-05-13,645.8485717773438,1.5770000219345093,2.245800018310547,1493.4000244140625
2011-05-16,654.175537109375,1.595900058746338,2.246999979019165,1490.4000244140625
2011-05-17,653.8505249023438,1.590000033378601,2.251800060272217,1479.800048828125
2011-05-18,637.32861328125,1.583899974822998,2.2599000930786133,1495.5999755859375
2011-05-19,,1.5708999633789062,2.240299940109253,1492.199951171875
2011-05-20,632.982666015625,1.5723999738693237,2.251800060272217,1508.800048828125
2011-05-23,632.0956420898438,1.589400053024292,2.241499900817871,1515.300048828125
2011-05-24,645.610595703125,1.604099988937378,2.2516000270843506,1523.199951171875
2011-05-25,636.0896606445312,1.5964000225067139,2.246999979019165,1526.5999755859375
2011-05-26,637.5506591796875,1.6049000024795532,2.2616000175476074,1522.800048828125
2011-05-27,624.0706787109375,1.6019999980926514,2.2639000415802,1536.300048828125
2011-05-30,614.9137573242188,1.603600025177002,2.2527999877929688,
2011-05-31,630.4566650390625,1.6002999544143677,2.283900022506714,1535.9000244140625
2011-06-01,632.24365234375,1.5920000076293945,2.2973999977111816,1542.4000244140625
2011-06-02,631.1226196289062,1.5973000526428223,2.2923998832702637,1532.0
2011-06-03,628.0656127929688,1.5822999477386475,2.29229998588562,1541.699951171875
2011-06-06,635.1646728515625,1.5706000328063965,2.3024001121520996,1546.5
2011-06-07,644.6286010742188,1.5851000547409058,2.3115999698638916,1543.300048828125
2011-06-08,640.6676025390625,1.576300024986267,2.3183000087738037,1538.0999755859375
2011-06-09,636.6976318359375,1.5809999704360962,2.309299945831299,1542.0999755859375
2011-06-10,636.9996337890625,1.5713000297546387,2.2809998989105225,1528.5999755859375
2011-06-13,635.2286376953125,1.57260000705719,2.254199981689453,1515.0
2011-06-14,621.8516845703125,1.5729999542236328,2.2679998874664307,1523.800048828125
2011-06-15,609.3857421875,1.583299994468689,2.287899971008301,1525.5999755859375
2011-06-16,611.1637573242188,1.6066999435424805,2.2799999713897705,1529.300048828125
2011-06-17,617.1636962890625,1.607800006866455,2.2832000255584717,1538.5999755859375
2011-06-20,610.0737915039062,1.5882999897003174,2.242500066757202,1541.5
2011-06-21,620.3286743164062,1.600000023841858,2.292099952697754,1546.0
2011-06-22,612.1767578125,1.611799955368042,2.3173999786376953,1552.9000244140625
2011-06-23,615.8956909179688,1.6211999654769897,2.322000026702881,1520.0999755859375
2011-06-24,620.7227172851562,1.627500057220459,2.3227999210357666,1500.5
2011-06-27,619.5297241210938,1.6354999542236328,2.318000078201294,1496.0
2011-06-28,628.1876220703125,1.635599970817566,2.3420000076293945,1499.699951171875
2011-06-29,630.025634765625,1.6411999464035034,2.356800079345703,1509.9000244140625
2011-06-30,632.6906127929688,1.620300054550171,2.3469998836517334,1502.300048828125
2011-07-01,632.6416625976562,1.621399998664856,2.3452999591827393,1482.300048828125
2011-07-04,641.8635864257812,1.604599952697754,2.3334999084472656,
2011-07-05,638.6596069335938,1.6140999794006348,2.3489999771118164,1512.300048828125
2011-07-06,632.3976440429688,1.6256999969482422,2.344899892807007,1528.699951171875
2011-07-07,641.0045776367188,1.6308000087738037,2.3373000621795654,1530.199951171875
2011-07-08,635.9586181640625,1.6171000003814697,2.3243000507354736,1541.199951171875
2011-07-11,629.0916137695312,1.628999948501587,2.3136000633239746,1548.800048828125
2011-07-12,626.8947143554688,1.6450999975204468,2.309799909591675,1561.9000244140625
2011-07-13,632.607666015625,1.6503000259399414,2.305999994277954,1585.199951171875
2011-07-14,627.4346313476562,1.642799973487854,2.3389999866485596,1589.0
2011-07-15,626.3477172851562,1.6431000232696533,2.327500104904175,1589.800048828125
2011-07-18,620.2467041015625,1.6509000062942505,2.3315999507904053,1602.0999755859375
2011-07-19,618.397705078125,1.6579999923706055,2.3399999141693115,1600.9000244140625
2011-07-20,616.3646850585938,1.656000018119812,2.3473000526428223,1596.699951171875
2011-07-21,608.8197631835938,1.6620999574661255,2.3721001148223877,1586.800048828125
2011-07-22,598.0198364257812,1.6650999784469604,2.401700019836426,1601.300048828125
2011-07-25,610.4737548828125,1.7003999948501587,2.4465999603271484,1612.0
2011-07-26,613.8827514648438,1.7141000032424927,2.4635000228881836,1616.5999755859375
2011-07-27,611.812744140625,1.6970000267028809,2.4623000621795654,1615.0
2011-07-28,625.3057250976562,1.6893999576568604,2.428499937057495,1613.4000244140625
2011-07-29,622.9536743164062,1.6725000143051147,2.3991000652313232,1628.300048828125
2011-08-01,619.2626953125,1.6865999698638916,2.4209001064300537,1619.0
2011-08-02,617.5827026367188,1.6913000345230103,2.4126999378204346,1641.9000244140625
2011-08-03,613.1477661132812,1.7115000486373901,2.426800012588501,1663.4000244140625
2011-08-04,593.2568359375,1.6930999755859375,2.4298999309539795,1656.199951171875
2011-08-05,562.6520385742188,1.7409000396728516,2.448899984359741,1648.800048828125
2011-08-08,522.832275390625,1.742900013923645,2.491300106048584,1710.199951171875
2011-08-09,529.6091918945312,1.7740999460220337,2.5167999267578125,1740.0
2011-08-10,503.0733337402344,1.7532999515533447,2.5220000743865967,1781.300048828125
2011-08-11,520.167236328125,1.7747999429702759,2.5069000720977783,1748.800048828125
2011-08-12,521.88427734375,1.777999997138977,2.530600070953369,1740.199951171875
2011-08-15,534.8502197265625,1.7756999731063843,2.5344998836517334,1755.5
2011-08-16,540.9711303710938,1.763700008392334,2.5462000370025635,1782.4000244140625
2011-08-17,542.1751098632812,1.7746000289916992,2.555799961090088,1791.199951171875
2011-08-18,519.4562377929688,1.7683000564575195,2.552000045776367,1818.9000244140625
2011-08-19,530.6141967773438,1.7826999425888062,2.555000066757202,1848.9000244140625
2011-08-22,532.8671875,1.782099962234497,2.5645999908447266,1888.699951171875
2011-08-23,524.1121826171875,1.784600019454956,2.5625998973846436,1858.300048828125
2011-08-24,530.5482177734375,1.7684999704360962,2.553299903869629,1754.0999755859375
2011-08-25,529.6741943359375,1.7806999683380127,2.566800117492676,1759.800048828125
2011-08-26,537.0731201171875,1.7527999877929688,2.5206000804901123,1794.0999755859375
2011-08-29,539.4581298828125,1.746999979019165,2.531599998474121,1788.4000244140625
2011-08-30,,1.729200005531311,2.5114998817443848,1826.699951171875
2011-08-31,,1.7310999631881714,2.4983999729156494,1828.5
2011-09-01,,1.714400053024292,2.466200113296509,1826.0
2011-09-02,553.7500610351562,1.718000054359436,2.451900005340576,1873.699951171875
2011-09-05,540.5451049804688,1.7455999851226807,2.4716999530792236,
2011-09-06,550.195068359375,1.7675000429153442,2.486299991607666,1869.9000244140625
2011-09-07,552.3790893554688,1.7587000131607056,2.4630000591278076,1814.199951171875
2011-09-08,566.9169921875,1.7563999891281128,2.474600076675415,1854.4000244140625
2011-09-09,559.0270385742188,1.7654999494552612,2.4560999870300293,1856.4000244140625
2011-09-12,556.0450439453125,1.794600009918213,2.4428000450134277,1809.9000244140625
2011-09-13,566.5029907226562,1.7853000164031982,2.4388999938964844,1826.800048828125
2011-09-14,561.2160034179688,1.7640000581741333,2.4144999980926514,1823.5
2011-09-15,571.1529541015625,1.774899959564209,2.4407999515533447,1778.5
2011-09-16,578.9619750976562,1.7796000242233276,2.468100070953369,1812.0999755859375
2011-09-19,579.3289184570312,1.7812000513076782,2.4416000843048096,1776.4000244140625
2011-09-20,608.8877563476562,1.8109999895095825,2.464099884033203,1806.5999755859375
2011-09-21,608.2757568359375,1.7835999727249146,2.4428000450134277,1805.5
2011-09-22,579.7959594726562,1.8236000537872314,2.478600025177002,1739.199951171875
2011-09-23,563.2310180664062,1.8389999866485596,2.479599952697754,1637.5
2011-09-26,568.009033203125,1.8308000564575195,2.480299949645996,1592.5
2011-09-27,582.60986328125,1.8497999906539917,2.5006000995635986,1650.5999755859375
2011-09-28,589.8818969726562,1.8422000408172607,2.502500057220459,1616.300048828125
2011-09-29,597.5787963867188,1.8598999977111816,2.5183000564575195,1615.5
2011-09-30,596.9308471679688,1.8499000072479248,2.5160999298095703,1620.4000244140625
2011-10-03,594.5938110351562,1.8545000553131104,2.479599952697754,1656.0
2011-10-04,572.0889282226562,1.8875000476837158,2.491300106048584,1614.699951171875
2011-10-05,573.1089477539062,1.8842999935150146,2.51200008392334,1640.300048828125
2011-10-06,572.2819213867188,1.868299961090088,2.493000030517578,1651.9000244140625
2011-10-07,573.3849487304688,1.841599941253662,2.4763998985290527,1634.5
2011-10-10,583.2728881835938,1.8482999801635742,2.476900100708008,1669.5999755859375
2011-10-11,586.6378784179688,1.8257999420166016,2.4927000999450684,1659.699951171875
2011-10-12,594.1998291015625,1.8375999927520752,2.5102999210357666,1681.300048828125
2011-10-13,585.430908203125,1.8167999982833862,2.508500099182129,1667.300048828125
2011-10-14,592.9998168945312,1.8341000080108643,2.5185999870300293,1681.800048828125
2011-10-17,584.4208984375,1.8336999416351318,2.5399999618530273,1675.5
2011-10-18,587.5028686523438,1.8653000593185425,2.565500020980835,1651.699951171875
2011-10-19,577.9839477539062,1.8549000024795532,2.548099994659424,1646.0
2011-10-20,559.0419921875,1.8659000396728516,2.568700075149536,1611.9000244140625
2011-10-21,567.9199829101562,1.857100009918213,2.558500051498413,1635.0999755859375
2011-10-24,562.5910034179688,1.8371000289916992,2.543600082397461,1651.5
2011-10-25,562.781005859375,1.7972999811172485,2.503200054168701,1699.5999755859375
2011-10-26,554.696044921875,1.7757999897003174,2.4695000648498535,1722.699951171875
2011-10-27,566.1650390625,1.7563999891281128,2.4382998943328857,1746.699951171875
2011-10-28,570.4209594726562,1.745300054550171,2.474900007247925,1746.199951171875
2011-10-31,560.6119995117188,1.7417000532150269,2.4632999897003174,1724.199951171875
2011-11-01,548.5120849609375,1.767799973487854,2.4504001140594482,1711.0
2011-11-02,557.2110595703125,1.792799949645996,2.448499917984009,1728.699951171875
2011-11-03,565.2250366210938,1.7798000574111938,2.4391000270843506,1764.199951171875
2011-11-04,561.7990112304688,1.7518999576568604,2.4184999465942383,1755.300048828125
2011-11-07,,1.7620999813079834,2.429800033569336,1790.300048828125
2011-11-08,,1.7752000093460083,2.4421000480651855,1798.4000244140625
2011-11-09,,1.7681000232696533,2.4463000297546387,1790.9000244140625
2011-11-10,555.404052734375,1.799399971961975,2.434000015258789,1758.9000244140625
2011-11-11,562.0120239257812,1.7906999588012695,2.4375,1787.5
2011-11-14,558.7540283203125,1.769700050354004,2.4398000240325928,1777.800048828125
2011-11-15,559.2219848632812,1.7796000242233276,2.4309000968933105,1781.699951171875
2011-11-16,559.2720336914062,1.7978999614715576,2.4282000064849854,1773.800048828125
2011-11-17,550.8950805664062,1.8071999549865723,2.42930006980896,1719.800048828125
2011-11-18,544.7361450195312,1.8240000009536743,2.4544999599456787,1724.699951171875
2011-11-21,527.5191650390625,1.825600028038025,2.4714999198913574,1678.300048828125
2011-11-22,519.8612670898438,1.8575999736785889,2.5055999755859375,1702.199951171875
2011-11-23,510.91229248046875,1.8497999906539917,2.5000998973846436,1695.699951171875
2011-11-24,496.2143859863281,1.8700000047683716,2.496500015258789,
2011-11-25,510.70928955078125,1.868399977684021,2.4916999340057373,1685.5
2011-11-28,522.833251953125,1.8753000497817993,2.496799945831299,1710.800048828125
2011-11-29,520.9252319335938,1.8573999404907227,2.4735000133514404,1713.4000244140625
2011-11-30,545.1751098632812,1.850000023841858,2.4653000831604004,1745.5
2011-12-01,538.0631103515625,1.8249000310897827,2.4544999599456787,1735.300048828125
2011-12-02,547.6900634765625,1.8260999917984009,2.4593000411987305,1747.0
2011-12-05,551.955078125,1.8241000175476074,2.447700023651123,1730.699951171875
2011-12-06,546.7880859375,1.8323999643325806,2.453200101852417,1727.9000244140625
2011-12-07,551.3860473632812,1.8335000276565552,2.4593000411987305,1740.9000244140625
2011-12-08,534.9901733398438,1.829200029373169,2.4526000022888184,1709.800048828125
2011-12-09,538.3461303710938,1.8398000001907349,2.4588000774383545,1712.800048828125
2011-12-12,524.4381713867188,1.8320000171661377,2.450200080871582,1664.199951171875
2011-12-13,525.51220703125,1.8664000034332275,2.4574999809265137,1659.9000244140625
2011-12-14,513.3872680664062,1.8802000284194946,2.4463999271392822,1584.300048828125
2011-12-15,518.8622436523438,1.8839000463485718,2.4477999210357666,1574.5999755859375
2011-12-16,516.6552734375,1.8765000104904175,2.4451000690460205,1595.5999755859375
2011-12-19,507.4183044433594,1.8839999437332153,2.456199884414673,1594.4000244140625
2011-12-20,521.2662353515625,1.9003000259399414,2.472100019454956,1615.5999755859375
2011-12-21,517.4712524414062,1.8828999996185303,2.464600086212158,1611.9000244140625
2011-12-22,515.9132690429688,1.8834999799728394,2.457900047302246,1608.9000244140625
2011-12-23,519.4832763671875,1.8875000476837158,2.464600086212158,1604.699951171875
2011-12-26,525.170166015625,1.8890000581741333,2.4639999866485596,
2011-12-27,525.6091918945312,1.889799952507019,2.4663000106811523,1594.199951171875
2011-12-28,515.5292358398438,1.8967000246047974,2.4793999195098877,1562.9000244140625
2011-12-29,520.5332641601562,1.9179999828338623,2.4807000160217285,1539.9000244140625
2011-12-30,512.6632690429688,1.9154000282287598,2.480600118637085,1565.800048828125
2012-01-02,513.4072265625,1.8798999786376953,2.4319000244140625,
2012-01-03,528.5881958007812,1.8875999450683594,2.4458000659942627,1599.699951171875
2012-01-04,515.3232421875,1.8720999956130981,2.444499969482422,1611.9000244140625
2012-01-05,512.0432739257812,1.8782999515533447,2.4277000427246094,1619.4000244140625
2012-01-06,501.8223571777344,1.8792999982833862,2.4045000076293945,1616.0999755859375
2012-01-09,498.3673400878906,1.8795000314712524,2.38319993019104,1607.5
2012-01-10,507.8153076171875,1.867900013923645,2.386399984359741,1631.0
2012-01-11,514.1012573242188,1.8676999807357788,2.382200002670288,1639.199951171875
2012-01-12,521.540283203125,1.8530000448226929,2.3598999977111816,1647.300048828125
2012-01-13,515.6142578125,1.8517999649047852,2.376800060272217,1630.4000244140625
2012-01-16,527.9691772460938,1.861299991607666,2.3550000190734863,
2012-01-17,535.2901611328125,1.850000023841858,2.3440001010894775,1655.199951171875
2012-01-18,543.8451538085938,1.8398000001907349,2.3452999591827393,1659.5
2012-01-19,546.0761108398438,1.8301000595092773,2.356300115585327,1654.0999755859375
2012-01-20,548.883056640625,1.825600028038025,2.3668999671936035,1663.699951171875
2012-01-23,551.8590698242188,1.8316999673843384,2.3612000942230225,1678.0
2012-01-24,547.9050903320312,1.8162000179290771,2.365299940109253,1664.199951171875
2012-01-25,549.18408203125,1.819100022315979,2.3717000484466553,1699.800048828125
2012-01-26,569.5849609375,1.8043999671936035,2.3666999340057373,1726.300048828125
2012-01-27,573.56396484375,1.7925000190734863,2.3477001190185547,1731.800048828125
2012-01-30,578.1149291992188,1.7726999521255493,2.346100091934204,1731.0
2012-01-31,571.7099609375,1.7861000299453735,2.3469998836517334,1737.800048828125
2012-02-01,592.1538696289062,1.774399995803833,2.320199966430664,1747.0999755859375
2012-02-02,600.5158081054688,1.7546000480651855,2.3125,1756.800048828125
2012-02-03,601.476806640625,1.756600022315979,2.308199882507324,1737.9000244140625
2012-02-06,606.7457885742188,1.7522000074386597,2.300800085067749,1722.800048828125
2012-02-07,605.4557495117188,1.7568000555038452,2.3050999641418457,1746.4000244140625
2012-02-08,611.77978515625,1.7467000484466553,2.31469988822937,1729.300048828125
2012-02-09,601.621826171875,1.750599980354309,2.3197999000549316,1739.0
2012-02-10,593.3178100585938,1.7512999773025513,2.324700117111206,1723.300048828125
2012-02-13,605.57177734375,1.7587000131607056,2.3280999660491943,1723.0
2012-02-14,596.6177978515625,1.7669999599456787,2.324700117111206,1715.9000244140625
2012-02-15,598.4728393554688,1.7674000263214111,2.3210999965667725,1726.300048828125
2012-02-16,600.2978515625,1.7630000114440918,2.3036999702453613,1726.800048828125
2012-02-17,611.1097412109375,1.760699987411499,2.3108999729156494,1724.5
2012-02-20,614.48779296875,1.7401000261306763,2.3018999099731445,
2012-02-21,612.5247802734375,1.743399977684021,2.302799940109253,1757.0999755859375
2012-02-22,608.560791015625,1.7509000301361084,2.3196001052856445,1770.0
2012-02-23,596.662841796875,1.756500005722046,2.326200008392334,1784.9000244140625
2012-02-24,597.371826171875,1.7625000476837158,2.359100103378296,1775.0999755859375
2012-02-27,588.2149047851562,1.7616000175476074,2.373300075531006,1773.5999755859375
2012-02-28,599.7817993164062,1.7640999555587769,2.365799903869629,1787.0
2012-02-29,607.208740234375,1.750499963760376,2.3598999977111816,1709.9000244140625
2012-03-01,607.2557373046875,1.7484999895095825,2.3313000202178955,1721.0999755859375
2012-03-02,609.020751953125,1.7517999410629272,2.3338000774383545,1708.800048828125
2012-03-05,596.851806640625,1.766800045967102,2.3294999599456787,1703.0
2012-03-06,591.430908203125,1.770400047302246,2.3417000770568848,1671.4000244140625
2012-03-07,594.7938232421875,1.7913000583648682,2.351099967956543,1683.300048828125
2012-03-08,596.7348022460938,1.7798999547958374,2.340399980545044,1698.0999755859375
2012-03-09,592.8008422851562,1.7740999460220337,2.3552000522613525,1710.9000244140625
2012-03-12,590.0918579101562,1.7847000360488892,2.342400074005127,1699.199951171875
2012-03-13,593.8868408203125,1.7933000326156616,2.3617000579833984,1693.699951171875
2012-03-14,608.353759765625,1.7856999635696411,2.335599899291992,1642.5
2012-03-15,612.789794921875,1.805299997329712,2.354300022125244,1659.0999755859375
2012-03-16,623.3596801757812,1.7955000400543213,2.3487000465393066,1655.5
2012-03-19,625.3696899414062,1.7935999631881714,2.3636999130249023,1666.9000244140625
2012-03-20,621.6376953125,1.8033000230789185,2.3861000537872314,1646.699951171875
2012-03-21,620.646728515625,1.8203999996185303,2.412100076675415,1650.0
2012-03-22,617.8637084960938,1.812399983406067,2.3963000774383545,1642.300048828125
2012-03-23,614.1707763671875,1.8070000410079956,2.388000011444092,1662.300048828125
2012-03-26,625.6116943359375,1.798799991607666,2.390000104904175,1685.5
2012-03-27,624.9066772460938,1.7847000360488892,2.384399890899658,1684.800048828125
2012-03-28,618.147705078125,1.787500023841858,2.382999897003174,1657.9000244140625
2012-03-29,615.4457397460938,1.7798999547958374,2.3745999336242676,1652.199951171875
2012-03-30,624.2266845703125,1.7838000059127808,2.3756000995635986,1669.300048828125
2012-04-02,629.6896362304688,1.7796000242233276,2.3775999546051025,1677.5
2012-04-03,632.8416137695312,1.7752000093460083,2.3661999702453613,1670.0
2012-04-04,624.63671875,1.7812999486923218,2.3589999675750732,1612.300048828125
2012-04-05,620.6237182617188,1.792199969291687,2.3564000129699707,1628.5
2012-04-06,609.3927612304688,1.791200041770935,2.3431999683380127,
2012-04-09,608.1297607421875,1.7929999828338623,2.346400022506714,1642.5
2012-04-10,599.8738403320312,1.7973999977111816,2.357300043106079,1659.5
2012-04-11,607.0947875976562,1.8125,2.3714001178741455,1659.0
2012-04-12,608.8977661132812,1.80649995803833,2.3715999126434326,1679.5
2012-04-13,605.82275390625,1.7926000356674194,2.364799976348877,1659.0999755859375
2012-04-16,604.78173828125,1.7962000370025635,2.3438000679016113,1648.699951171875
2012-04-17,606.5227661132812,1.7961000204086304,2.358099937438965,1650.300048828125
2012-04-18,601.3157958984375,1.7872999906539917,2.3480000495910645,1638.800048828125
2012-04-19,598.4818115234375,1.7856999635696411,2.347599983215332,1640.5999755859375
2012-04-20,601.225830078125,1.7918000221252441,2.3550000190734863,1642.0999755859375
2012-04-23,,1.7900999784469604,2.3671998977661133,1631.9000244140625
2012-04-24,597.0568237304688,1.794600009918213,2.36080002784729,1643.0
2012-04-25,599.40185546875,1.7800999879837036,2.3494999408721924,1641.4000244140625
2012-04-26,606.7747802734375,1.7692999839782715,2.3427000045776367,1659.5999755859375
2012-04-27,605.9637451171875,1.7646000385284424,2.3285999298095703,1664.0
2012-04-30,600.100830078125,1.7590999603271484,2.330199956893921,1663.4000244140625
2012-05-01,,1.756100058555603,2.3252999782562256,1661.699951171875
2012-05-02,589.4338989257812,1.7537000179290771,2.322000026702881,1653.4000244140625
2012-05-03,592.8538208007812,1.7595000267028809,2.31469988822937,1634.199951171875
2012-05-04,590.1538696289062,1.7608000040054321,2.316800117492676,1644.699951171875
2012-05-07,588.0938720703125,1.7676000595092773,2.29259991645813,1638.5999755859375
2012-05-08,587.4898681640625,1.7598999738693237,2.2988998889923096,1604.0
2012-05-09,580.9269409179688,1.7773000001907349,2.3099000453948975,1593.699951171875
2012-05-10,588.2048950195312,1.7939000129699707,2.322499990463257,1595.0999755859375
2012-05-11,588.722900390625,1.7861000299453735,2.308799982070923,1583.5999755859375
2012-05-14,578.5359497070312,1.7855000495910645,2.3020999431610107,1560.5999755859375
2012-05-15,574.5279541015625,1.8101999759674072,2.3231000900268555,1556.800048828125
2012-05-16,581.0059204101562,1.82260000705719,2.322200059890747,1536.199951171875
2012-05-17,573.3089599609375,1.8222999572753906,2.3215999603271484,1574.5
2012-05-18,569.35498046875,1.8281999826431274,2.322000026702881,1591.5999755859375
2012-05-21,565.3930053710938,1.8335000276565552,2.3422999382019043,1588.4000244140625
2012-05-22,570.7919311523438,1.8242000341415405,2.3378000259399414,1576.300048828125
2012-05-23,557.340087890625,1.843999981880188,2.335700035095215,1548.0999755859375
2012-05-24,549.1630859375,1.8496999740600586,2.325200080871582,1557.300048828125
2012-05-25,548.0960693359375,1.8461999893188477,2.3141000270843506,1568.800048828125
2012-05-28,548.4360961914062,1.844099998474121,2.3183000087738037,
2012-05-29,554.4920654296875,1.835800051689148,2.2997000217437744,1548.5999755859375
2012-05-30,551.2500610351562,1.8299000263214111,2.284600019454956,1563.4000244140625
2012-05-31,550.9900512695312,1.8550000190734863,2.296999931335449,1562.5999755859375
2012-06-01,555.6810913085938,1.864300012588501,2.3048999309539795,1620.5
2012-06-04,557.4400634765625,1.8590999841690063,2.3039000034332275,1612.199951171875
2012-06-05,557.9950561523438,1.8517999649047852,2.3187999725341797,1615.199951171875
2012-06-06,562.4819946289062,1.8453999757766724,2.300100088119507,1632.800048828125
2012-06-07,566.9539794921875,1.8279999494552612,2.3004000186920166,1586.5999755859375
2012-06-08,572.9969482421875,1.8253999948501587,2.294300079345703,1590.0999755859375
2012-06-11,575.044921875,1.8075000047683716,2.284600019454956,1595.5
2012-06-12,582.0098876953125,1.8286000490188599,2.2822999954223633,1612.699951171875
2012-06-13,582.5018920898438,1.8236000537872314,2.2797999382019043,1618.0999755859375
2012-06-14,583.6438598632812,1.8183000087738037,2.2880001068115234,1618.4000244140625
2012-06-15,584.6748657226562,1.813099980354309,2.289900064468384,1627.0
2012-06-18,583.2459106445312,1.8030999898910522,2.2913999557495117,1625.699951171875
2012-06-19,592.9938354492188,1.8102999925613403,2.2808001041412354,1622.199951171875
2012-06-20,594.0098266601562,1.7994999885559082,2.2834999561309814,1614.800048828125
2012-06-21,604.394775390625,1.7939000129699707,2.2764999866485596,1564.5
2012-06-22,604.5107421875,1.8035000562667847,2.2623000144958496,1566.0
2012-06-25,594.7908325195312,1.8128000497817993,2.2701001167297363,1587.5
2012-06-26,601.2628173828125,1.819000005722046,2.275599956512451,1574.0
2012-06-27,611.8397827148438,1.8079999685287476,2.2572999000549316,1577.5
2012-06-28,608.2227783203125,1.8128999471664429,2.261199951171875,1549.699951171875
2012-06-29,625.4317016601562,1.82669997215271,2.273200035095215,1603.5
2012-07-02,619.5087280273438,1.8042999505996704,2.28439998626709,1597.199951171875
2012-07-03,627.2096557617188,1.8039000034332275,2.2685000896453857,1621.300048828125
2012-07-04,629.857666015625,1.7963000535964966,2.262700080871582,
2012-07-05,619.7177124023438,1.804800033569336,2.2606000900268555,1608.9000244140625
2012-07-06,627.8026733398438,1.8097000122070312,2.240499973297119,1578.4000244140625
2012-07-09,626.0776977539062,1.818600058555603,2.2311999797821045,1588.5999755859375
2012-07-10,631.2366333007812,1.822700023651123,2.242799997329712,1579.300048828125
2012-07-11,630.484619140625,1.8144999742507935,2.2239999771118164,1575.199951171875
2012-07-12,623.24267578125,1.8056000471115112,2.2121999263763428,1564.9000244140625
2012-07-13,626.6187133789062,1.81850004196167,2.2174999713897705,1591.5999755859375
2012-07-16,626.7496948242188,1.8092000484466553,2.215399980545044,1591.199951171875
2012-07-17,624.7247314453125,1.8070000410079956,2.2160000801086426,1589.0999755859375
2012-07-18,624.4456787109375,1.8034000396728516,2.2172999382019043,1570.4000244140625
2012-07-19,623.4047241210938,1.8009999990463257,2.2123000621795654,1580.0999755859375
2012-07-20,617.918701171875,1.8020000457763672,2.212599992752075,1582.5
2012-07-23,607.36474609375,1.8140000104904175,2.199399948120117,1577.0999755859375
2012-07-24,613.02978515625,1.8184000253677368,2.2012999057769775,1576.0
2012-07-25,617.0717163085938,1.8264000415802002,2.2019999027252197,1608.0
2012-07-26,638.4066162109375,1.8209999799728394,2.2114999294281006,1615.0
2012-07-27,643.724609375,1.8098000288009644,2.2202000617980957,1617.9000244140625
2012-07-30,650.3175048828125,1.8128000497817993,2.2297000885009766,1619.699951171875
2012-07-31,642.591552734375,1.8007999658584595,2.209199905395508,1610.5
2012-08-01,640.80859375,1.7932000160217285,2.2044999599456787,1603.699951171875
2012-08-02,637.775634765625,1.8046000003814697,2.2114999294281006,1587.4000244140625
2012-08-03,653.0325317382812,1.799399971961975,2.1923999786376953,1606.0
2012-08-06,655.7645263671875,1.7781000137329102,2.209199905395508,1612.9000244140625
2012-08-07,649.3805541992188,1.7755000591278076,2.1991000175476074,1609.699951171875
2012-08-08,646.9826049804688,1.784999966621399,2.2109999656677246,1612.9000244140625
2012-08-09,645.007568359375,1.7786999940872192,2.203399896621704,1617.0999755859375
2012-08-10,651.2565307617188,1.7821999788284302,2.1914000511169434,1619.699951171875
2012-08-13,651.4855346679688,1.7839000225067139,2.18969988822937,1609.5999755859375
2012-08-14,641.6045532226562,1.7933000326156616,2.210200071334839,1599.4000244140625
2012-08-15,646.1145629882812,1.8003000020980835,2.2191998958587646,1603.699951171875
2012-08-16,649.1585693359375,1.7967000007629395,2.208400011062622,1616.0999755859375
2012-08-17,657.58154296875,1.7933000326156616,2.217099905014038,1616.300048828125
2012-08-20,,1.8006000518798828,2.220900058746338,1620.0999755859375
2012-08-21,,1.8008999824523926,2.2260000705718994,1639.9000244140625
2012-08-22,661.0845336914062,1.7939000129699707,2.238100051879883,1637.4000244140625
2012-08-23,660.79150390625,1.7929999828338623,2.2460999488830566,1669.5999755859375
2012-08-24,656.53955078125,1.7926000356674194,2.251300096511841,1669.800048828125
2012-08-27,659.4125366210938,1.7976000308990479,2.2474000453948975,1672.4000244140625
2012-08-28,661.3895263671875,1.8020000457763672,2.2530999183654785,1666.5
2012-08-29,661.5225219726562,1.808500051498413,2.2734999656677246,1659.800048828125
2012-08-30,,1.821560025215149,2.283560037612915,1653.5
2012-08-31,673.6763916015625,1.8265000581741333,2.284749984741211,1684.5999755859375
2012-09-03,672.0784301757812,1.8191200494766235,2.2880098819732666,
2012-09-04,668.9774780273438,1.8184499740600586,2.2891299724578857,1692.9000244140625
2012-09-05,675.5913696289062,1.8190799951553345,2.282819986343384,1690.800048828125
2012-09-06,677.1444091796875,1.8178600072860718,2.2908999919891357,1702.5999755859375
2012-09-07,679.3673706054688,1.8091700077056885,2.2855000495910645,1737.5
2012-09-10,681.21240234375,1.8005499839782715,2.3039801120758057,1728.699951171875
2012-09-11,681.0474243164062,1.802090048789978,2.299870014190674,1731.800048828125
2012-09-12,681.83642578125,1.8041000366210938,2.3190600872039795,1730.5999755859375
2012-09-13,672.9034423828125,1.8066799640655518,2.3319199085235596,1769.0999755859375
2012-09-14,681.8013916015625,1.7985899448394775,2.337169885635376,1769.800048828125
2012-09-17,680.9193725585938,1.7965099811553955,2.356290102005005,1767.699951171875
2012-09-18,676.0004272460938,1.7964500188827515,2.354300022125244,1768.4000244140625
2012-09-19,671.1444702148438,1.796180009841919,2.3433001041412354,1769.0
2012-09-20,670.0134887695312,1.792099952697754,2.341099977493286,1767.699951171875
2012-09-21,678.911376953125,1.7967100143432617,2.3306500911712646,1775.5
2012-09-24,672.0674438476562,1.7948399782180786,2.3259499073028564,1762.0999755859375
2012-09-25,678.0924072265625,1.7970399856567383,2.3258399963378906,1763.800048828125
2012-09-26,666.7534790039062,1.7906800508499146,2.309390068054199,1750.5999755859375
2012-09-27,667.7024536132812,1.7913700342178345,2.307300090789795,1777.5999755859375
2012-09-28,663.9634399414062,1.787559986114502,2.30856990814209,1771.0999755859375
2012-10-01,667.5454711914062,1.7965799570083618,2.3011999130249023,1780.5
2012-10-02,674.9783935546875,1.7910399436950684,2.308389902114868,1772.699951171875
2012-10-03,668.220458984375,1.790179967880249,2.3128199577331543,1777.300048828125
2012-10-04,669.0904541015625,1.803760051727295,2.3322501182556152,1794.0999755859375
2012-10-05,673.8333740234375,1.7960799932479858,2.33804988861084,1778.5999755859375
2012-10-08,674.3504028320312,1.8049900531768799,2.349329948425293,1773.5
2012-10-09,680.6254272460938,1.8119800090789795,2.3510100841522217,1763.0
2012-10-10,684.5723876953125,1.8257299661636353,2.3477399349212646,1763.199951171875
2012-10-11,695.7723388671875,1.8186800479888916,2.3398499488830566,1768.800048828125
2012-10-12,696.02734375,1.80649995803833,2.3361499309539795,1758.0
2012-10-15,697.6932983398438,1.810789942741394,2.3397300243377686,1736.0
2012-10-16,702.8132934570312,1.809689998626709,2.3458900451660156,1744.699951171875
2012-10-17,706.8612670898438,1.8003599643707275,2.3568201065063477,1751.5
2012-10-18,703.5542602539062,1.798259973526001,2.358949899673462,1743.300048828125
2012-10-19,707.7362060546875,1.797260046005249,2.348789930343628,1722.800048828125
2012-10-22,712.1912231445312,1.7942800521850586,2.3356499671936035,1725.0999755859375
2012-10-23,707.6192016601562,1.7927000522613525,2.34660005569458,1708.300048828125
2012-10-24,707.0802612304688,1.8011000156402588,2.3366100788116455,1700.5
2012-10-25,,1.8022700548171997,2.3361499309539795,1712.0
2012-10-26,,1.799280047416687,2.3280599117279053,1710.9000244140625
2012-10-29,,1.8001999855041504,2.328550100326538,
2012-10-30,717.1652221679688,1.8033000230789185,2.327399969100952,
2012-10-31,725.2861328125,1.79653000831604,2.3293800354003906,1717.5
2012-11-01,725.5211791992188,1.7919299602508545,2.3232998847961426,1714.0999755859375
2012-11-02,714.2222290039062,1.786929965019226,2.3140499591827393,1674.0999755859375
2012-11-05,727.3671264648438,1.7913800477981567,2.2969000339508057,1682.199951171875
2012-11-06,720.3931274414062,1.780400037765503,2.2788000106811523,1714.0999755859375
2012-11-07,716.0452270507812,1.7726500034332275,2.270519971847534,1713.199951171875
2012-11-08,726.494140625,1.7843600511550903,2.277509927749634,1725.4000244140625
2012-11-09,718.19921875,1.785249948501587,2.2744500637054443,1730.300048828125
2012-11-12,713.5662231445312,1.790179967880249,2.2778899669647217,1730.300048828125
2012-11-13,720.1481323242188,1.80062997341156,2.2883899211883545,1724.199951171875
2012-11-14,713.252197265625,1.8072799444198608,2.297339916229248,1729.5
2012-11-15,715.9682006835938,1.8055700063705444,2.299099922180176,1713.300048828125
2012-11-16,707.9012451171875,1.8006700277328491,2.3020501136779785,1714.300048828125
2012-11-19,706.0702514648438,1.7964999675750732,2.293339967727661,1734.0
2012-11-20,706.36328125,1.7991700172424316,2.2983899116516113,1723.199951171875
2012-11-21,704.604248046875,1.7923699617385864,2.2970199584960938,1727.9000244140625
2012-11-22,699.2572631835938,1.801010012626648,2.318010091781616,
2012-11-23,710.0392456054688,1.7968800067901611,2.3136401176452637,1751.300048828125
2012-11-26,718.6652221679688,1.7942700386047363,2.3264501094818115,1749.5
2012-11-27,719.9931640625,1.7939800024032593,2.331209897994995,1742.199951171875
2012-11-28,719.7411499023438,1.7906800508499146,2.3169500827789307,1716.5
2012-11-29,724.4851684570312,1.790079951286316,2.31781005859375,1727.199951171875
2012-11-30,730.5811767578125,1.7850799560546875,2.3152499198913574,1710.9000244140625
2012-12-03,742.9850463867188,1.785580039024353,2.3212099075317383,1719.5999755859375
2012-12-04,755.2229614257812,1.7851799726486206,2.331350088119507,1694.4000244140625
2012-12-05,760.3799438476562,1.7840499877929688,2.3351500034332275,1692.4000244140625
2012-12-06,757.8519897460938,1.7860000133514404,2.33351993560791,1700.300048828125
2012-12-07,762.41796875,1.789080023765564,2.3180301189422607,1704.0
2012-12-10,767.3399047851562,1.7890599966049194,2.3092598915100098,1713.0
2012-12-11,768.1439208984375,1.7879799604415894,2.3132500648498535,1708.199951171875
2012-12-12,774.0399169921875,1.7810800075531006,2.3169400691986084,1716.5999755859375
2012-12-13,769.62890625,1.7762199640274048,2.3217999935150146,1695.5999755859375
2012-12-14,762.927978515625,1.7805800437927246,2.3275198936462402,1695.800048828125
2012-12-17,774.6649169921875,1.7784700393676758,2.3410398960113525,1697.0
2012-12-18,772.9808959960938,1.7836699485778809,2.347409963607788,1669.5
2012-12-19,768.0989379882812,1.7786099910736084,2.3513100147247314,1666.5
2012-12-20,768.139892578125,1.7834700345993042,2.355679988861084,1644.9000244140625
2012-12-21,766.8428955078125,1.7860900163650513,2.3645999431610107,1659.0999755859375
2012-12-24,773.1409301757812,1.7932900190353394,2.3606300354003906,1658.5999755859375
2012-12-25,775.9578857421875,1.7949999570846558,2.366529941558838,
2012-12-26,779.9068603515625,1.7920000553131104,2.364300012588501,1659.800048828125
2012-12-27,784.537841796875,1.7934199571609497,2.3712799549102783,1662.5999755859375
2012-12-28,785.786865234375,1.7880799770355225,2.3651599884033203,1654.9000244140625
2012-12-31,782.079833984375,1.7886799573898315,2.3647499084472656,1674.800048828125
2013-01-01,,1.7818000316619873,2.352799892425537,
2013-01-02,796.4168090820312,1.7813999652862549,2.3494999408721924,1687.9000244140625
2013-01-03,800.3287353515625,1.7777800559997559,2.3438498973846436,1673.699951171875
2013-01-04,795.6358032226562,1.7841999530792236,2.3255999088287354,1648.0999755859375
2013-01-07,802.23974609375,1.7804800271987915,2.3271000385284424,1645.5
2013-01-08,801.6127319335938,1.7791800498962402,2.3352999687194824,1661.5
2013-01-09,811.4866943359375,1.7772799730300903,2.3255999088287354,1654.800048828125
2013-01-10,808.3707275390625,1.77538001537323,2.3185501098632812,1677.300048828125
2013-01-11,810.3307495117188,1.766379952430725,2.344749927520752,1660.0
2013-01-14,819.8956909179688,1.76937997341156,2.364150047302246,1668.9000244140625
2013-01-15,824.0565795898438,1.7680799961090088,2.365449905395508,1683.4000244140625
2013-01-16,840.8175659179688,1.768470048904419,2.3541500568389893,1682.699951171875
2013-01-17,848.5985107421875,1.7636699676513672,2.34483003616333,1690.4000244140625
2013-01-18,850.0444946289062,1.7532700300216675,2.3445301055908203,1686.5999755859375
2013-01-21,852.8104858398438,1.758739948272705,2.342329978942871,
2013-01-22,856.4644775390625,1.7642300128936768,2.348129987716675,1692.800048828125
2013-01-23,863.4053955078125,1.7678699493408203,2.353879928588867,1686.300048828125
2013-01-24,864.3744506835938,1.7707699537277222,2.3571300506591797,1669.5
2013-01-25,847.5465087890625,1.7682700157165527,2.3639299869537354,1656.4000244140625
2013-01-28,811.6536865234375,1.7667700052261353,2.379149913787842,1652.4000244140625
2013-01-29,821.7786865234375,1.773069977760315,2.3845300674438477,1660.699951171875
2013-01-30,789.8247680664062,1.7672699689865112,2.3846800327301025,1679.9000244140625
2013-01-31,787.8308715820312,1.7683199644088745,2.4001801013946533,1660.5999755859375
2013-02-01,802.2127075195312,1.7557499408721924,2.3897299766540527,1669.4000244140625
2013-02-04,807.2227172851562,1.7483700513839722,2.3865299224853516,1675.300048828125
2013-02-05,803.0947265625,1.7616699934005737,2.3806300163269043,1672.4000244140625
2013-02-06,800.5397338867188,1.7604700326919556,2.3917601108551025,1677.699951171875
2013-02-07,781.4888305664062,1.7688699960708618,2.3928298950195312,1670.4000244140625
2013-02-08,786.8358764648438,1.7729699611663818,2.37322998046875,1666.0
2013-02-11,772.5538940429688,1.7703700065612793,2.366029977798462,1648.199951171875
2013-02-12,780.7838745117188,1.7748700380325317,2.379240036010742,1648.699951171875
2013-02-13,779.4298706054688,1.7718700170516968,2.3838601112365723,1644.199951171875
2013-02-14,775.8009033203125,1.7633700370788574,2.3695099353790283,1634.699951171875
2013-02-15,780.8098754882812,1.7676500082015991,2.3607499599456787,1608.800048828125
2013-02-18,779.0708618164062,1.7676700353622437,2.3572299480438232,
2013-02-19,782.744873046875,1.7657999992370605,2.357419967651367,1603.5999755859375
2013-02-20,788.9088134765625,1.7754600048065186,2.3783600330352783,1577.5999755859375
2013-02-21,772.6879272460938,1.7845699787139893,2.3693299293518066,1578.199951171875
2013-02-22,758.9829711914062,1.7925699949264526,2.364229917526245,1572.4000244140625
2013-02-25,766.6989135742188,1.7990700006484985,2.3738300800323486,1586.199951171875
2013-02-26,775.138916015625,1.8102699518203735,2.366909980773926,1615.199951171875
2013-02-27,781.6588745117188,1.804669976234436,2.3576300144195557,1595.199951171875
2013-02-28,793.332763671875,1.7959699630737305,2.3633298873901367,1577.699951171875
2013-03-01,798.6707763671875,1.7984700202941895,2.3501899242401123,1571.9000244140625
2013-03-04,806.1177368164062,1.7981499433517456,2.339829921722412,1572.0999755859375
2013-03-05,810.5077514648438,1.7972700595855713,2.3438000679016113,1574.5999755859375
2013-03-06,821.7356567382812,1.7905700206756592,2.336829900741577,1574.5999755859375
2013-03-07,818.3426513671875,1.7974900007247925,2.3340299129486084,1574.800048828125
2013-03-08,835.4115600585938,1.7967499494552612,2.3557300567626953,1576.5999755859375
2013-03-11,831.192626953125,1.8040900230407715,2.3381500244140625,1577.800048828125
2013-03-12,833.4705810546875,1.798359990119934,2.343630075454712,1591.5
2013-03-13,826.1865844726562,1.802109956741333,2.3478000164031982,1588.300048828125
2013-03-14,819.8116455078125,1.8114900588989258,2.3487300872802734,1590.5999755859375
2013-03-15,831.150634765625,1.8092700242996216,2.3548998832702637,1592.5
2013-03-18,833.7836303710938,1.8157700300216675,2.325040102005005,1604.5999755859375
2013-03-19,822.8585815429688,1.8122700452804565,2.346329927444458,1611.300048828125
2013-03-20,821.6036376953125,1.8251700401306152,2.348330020904541,1607.5
2013-03-21,823.734619140625,1.8162699937820435,2.351330041885376,1613.800048828125
2013-03-22,824.515625,1.8171700239181519,2.344789981842041,1606.199951171875
2013-03-25,827.651611328125,1.8111200332641602,2.3589799404144287,1604.5999755859375
2013-03-26,839.7045288085938,1.8206199407577515,2.341909885406494,1595.800048828125
2013-03-27,841.9475708007812,1.8127199411392212,2.3320999145507812,1606.199951171875
2013-03-28,852.5354614257812,1.811750054359436,2.316499948501587,1594.800048828125
2013-03-29,858.9854125976562,1.8087199926376343,2.3183701038360596,
2013-04-01,861.118408203125,1.8090699911117554,2.301219940185547,1600.0
2013-04-02,860.262451171875,1.803920030593872,2.3181800842285156,1575.0999755859375
2013-04-03,848.5964965820312,1.8026200532913208,2.311079978942871,1552.800048828125
2013-04-04,832.43359375,1.8067200183868408,2.322580099105835,1551.800048828125
2013-04-05,820.7086791992188,1.8014700412750244,2.3299999237060547,1575.4000244140625
2013-04-08,833.4606323242188,1.8016899824142456,2.3283300399780273,1572.0
2013-04-09,827.6995849609375,1.784980058670044,2.325900077819824,1586.199951171875
2013-04-10,824.0386352539062,1.7829699516296387,2.3335800170898438,1558.300048828125
2013-04-11,841.0215454101562,1.789520025253296,2.336699962615967,1564.300048828125
2013-04-12,845.8064575195312,1.784060001373291,2.34060001373291,1501.0
2013-04-15,851.0684814453125,1.7892999649047852,2.343830108642578,1360.5999755859375
2013-04-16,847.051513671875,1.793470025062561,2.342180013656616,1386.800048828125
2013-04-17,843.9745483398438,1.7869700193405151,2.3551299571990967,1382.199951171875
2013-04-18,830.3786010742188,1.7983700037002563,2.3447699546813965,1392.0
2013-04-19,832.8505859375,1.7952699661254883,2.343679904937744,1395.300048828125
2013-04-22,840.2295532226562,1.8010300397872925,2.3527801036834717,1421.0
2013-04-23,,1.803920030593872,2.3561298847198486,1408.5999755859375
2013-04-24,847.7994995117188,1.8022099733352661,2.3400800228118896,1423.4000244140625
2013-04-25,849.4304809570312,1.8021199703216553,2.3472800254821777,1461.800048828125
2013-04-26,851.1184692382812,1.7982699871063232,2.3387300968170166,1453.5999755859375
2013-04-29,851.5374755859375,1.7953699827194214,2.325939893722534,1467.4000244140625
2013-04-30,860.4554443359375,1.7936099767684937,2.348979949951172,1472.199951171875
2013-05-01,,1.7911100387573242,2.3582301139831543,1446.300048828125
2013-05-02,886.6923217773438,1.7919000387191772,2.36188006401062,1467.699951171875
2013-05-03,890.9323120117188,1.7930500507354736,2.342329978942871,1464.300048828125
2013-05-06,897.1432495117188,1.7932100296020508,2.3539700508117676,1468.0999755859375
2013-05-07,894.5902099609375,1.7961699962615967,2.3483800888061523,1449.0
2013-05-08,908.5171508789062,1.7961000204086304,2.348299980163574,1473.9000244140625
2013-05-09,899.3072509765625,1.7892199754714966,2.3555800914764404,1468.800048828125
2013-05-10,895.6842651367188,1.7953799962997437,2.3420801162719727,1436.800048828125
2013-05-13,897.647216796875,1.8026200532913208,2.3215599060058594,1434.5
2013-05-14,912.8661499023438,1.8103200197219849,2.3519999980926514,1424.699951171875
2013-05-15,921.1160888671875,1.8147499561309814,2.3470299243927,1396.5
2013-05-16,919.4620971679688,1.8220900297164917,2.348129987716675,1387.0999755859375
2013-05-17,919.2431030273438,1.8228199481964111,2.348330020904541,1364.9000244140625
2013-05-20,901.646240234375,1.8420699834823608,2.364180088043213,1384.300048828125
2013-05-21,911.9031982421875,1.8404099941253662,2.3729801177978516,1377.800048828125
2013-05-22,931.7840576171875,1.8420699834823608,2.3800299167633057,1367.5999755859375
2013-05-23,913.5091552734375,1.8477799892425537,2.3742001056671143,1392.0
2013-05-24,910.158203125,1.8457200527191162,2.3845999240875244,1386.800048828125
2013-05-27,905.4631958007812,1.8449900150299072,2.370919942855835,
2013-05-28,899.1592407226562,1.8428699970245361,2.384999990463257,1379.0999755859375
2013-05-29,871.7403564453125,1.8597899675369263,2.387629985809326,1391.300048828125
2013-05-30,871.6973876953125,1.8607699871063232,2.4082798957824707,1411.5
2013-05-31,859.8954467773438,1.8714100122451782,2.4392800331115723,1392.5999755859375
2013-06-03,769.8328857421875,1.8857699632644653,2.4491798877716064,1411.699951171875
2013-06-04,807.3287353515625,1.8836100101470947,2.4621999263763428,1397.0999755859375
2013-06-05,796.36376953125,1.8713300228118896,2.4464900493621826,1398.4000244140625
2013-06-06,758.948974609375,1.8917900323867798,2.477519989013672,1415.699951171875
2013-06-07,783.3218383789062,1.8922100067138672,2.5059499740600586,1383.0
2013-06-10,763.8579711914062,1.8780299425125122,2.4778800010681152,1386.199951171875
2013-06-11,750.406005859375,1.8991700410842896,2.516129970550537,1377.0
2013-06-12,768.8029174804688,1.8901699781417847,2.5175299644470215,1391.800048828125
2013-06-13,764.8819580078125,1.8736000061035156,2.4999001026153564,1377.5999755859375
2013-06-14,800.1067504882812,1.859969973564148,2.486829996109009,1387.300048828125
2013-06-17,789.4608154296875,1.8770899772644043,2.5028300285339355,1382.800048828125
2013-06-18,777.391845703125,1.8693000078201294,2.498800039291382,1366.5999755859375
2013-06-19,788.341796875,1.8852699995040894,2.5248000621795654,1373.5999755859375
2013-06-20,734.6151123046875,1.9023699760437012,2.5292999744415283,1285.9000244140625
2013-06-21,731.0140991210938,1.9386999607086182,2.565279960632324,1291.5999755859375
2013-06-24,706.4013061523438,1.9364999532699585,2.5378599166870117,1276.800048828125
2013-06-25,712.1422119140625,1.9441699981689453,2.5521299839019775,1274.800048828125
2013-06-26,738.5111083984375,1.930709958076477,2.525700092315674,1229.5999755859375
2013-06-27,757.6109619140625,1.933769941329956,2.5171799659729004,1211.4000244140625
2013-06-28,762.9409790039062,1.9176700115203857,2.500230073928833,1223.800048828125
2013-07-01,767.3619384765625,1.9285500049591064,2.5093600749969482,1255.9000244140625
2013-07-02,764.3839721679688,1.9232699871063232,2.513780117034912,1243.5999755859375
2013-07-03,737.18310546875,1.9325599670410156,2.5077500343322754,1252.0999755859375
2013-07-04,754.0919799804688,1.9436700344085693,2.5297000408172607,
2013-07-05,731.1140747070312,1.940999984741211,2.5048999786376953,1212.9000244140625
2013-07-08,716.8192138671875,1.9616700410842896,2.5170400142669678,1234.9000244140625
2013-07-09,719.8121337890625,1.9463000297546387,2.503429889678955,1245.9000244140625
2013-07-10,710.7372436523438,1.9399199485778809,2.4789299964904785,1247.4000244140625
2013-07-11,717.8952026367188,1.919469952583313,2.5335800647735596,1280.0999755859375
2013-07-12,739.216064453125,1.9490300416946411,2.5527501106262207,1277.800048828125
2013-07-15,762.2760009765625,1.9519200325012207,2.5487000942230225,1283.800048828125
2013-07-16,756.7769775390625,1.9319000244140625,2.5239999294281006,1290.800048828125
2013-07-17,770.7169189453125,1.9197200536727905,2.525629997253418,1277.9000244140625
2013-07-18,770.2239379882812,1.9101999998092651,2.504430055618286,1284.5999755859375
2013-07-19,758.7359619140625,1.920300006866455,2.5177299976348877,1293.300048828125
2013-07-22,758.1559448242188,1.9151999950408936,2.5199899673461914,1336.4000244140625
2013-07-23,753.677001953125,1.910979986190796,2.5209200382232666,1335.0999755859375
2013-07-24,740.1480712890625,1.8998099565505981,2.5110299587249756,1319.699951171875
2013-07-25,738.4931030273438,1.9219199419021606,2.5367000102996826,1329.0
2013-07-26,725.546142578125,1.9213600158691406,2.550179958343506,1321.699951171875
2013-07-29,729.3851318359375,1.9245200157165527,2.5573298931121826,1328.4000244140625
2013-07-30,744.2040405273438,1.9266999959945679,2.5559000968933105,1324.0
2013-07-31,733.7711181640625,1.9224499464035034,2.549730062484741,1312.4000244140625
2013-08-01,734.0140991210938,1.93326997756958,2.5731799602508545,1311.0
2013-08-02,740.3240966796875,1.9451700448989868,2.5707199573516846,1310.5999755859375
2013-08-05,742.8970336914062,1.9261800050735474,2.5576300621032715,1302.5999755859375
2013-08-06,740.3120727539062,1.9284700155258179,2.556879997253418,1283.199951171875
2013-08-07,735.444091796875,1.9255499839782715,2.560960054397583,1286.0999755859375
2013-08-08,,1.9298700094223022,2.5746500492095947,1310.699951171875
2013-08-09,,1.921470046043396,2.570729970932007,1312.9000244140625
2013-08-12,753.740966796875,1.9201799631118774,2.562000036239624,1334.699951171875
2013-08-13,755.1380004882812,1.9242500066757202,2.557300090789795,1321.199951171875
2013-08-14,755.85498046875,1.9315500259399414,2.5623300075531006,1334.0
2013-08-15,739.778076171875,1.932770013809204,2.5643301010131836,1361.5999755859375
2013-08-16,742.7500610351562,1.9319700002670288,2.5796799659729004,1371.699951171875
2013-08-19,723.8231811523438,1.9427200555801392,2.5898799896240234,1366.199951171875
2013-08-20,722.0391845703125,1.9530999660491943,2.6047000885009766,1373.0999755859375
2013-08-21,697.0912475585938,1.9479999542236328,2.614690065383911,1370.5999755859375
2013-08-22,682.9973754882812,1.9800000190734863,2.644010066986084,1371.199951171875
2013-08-23,679.3193969726562,1.9882999658584595,2.655329942703247,1395.699951171875
2013-08-26,687.746337890625,1.9896199703216553,2.6637299060821533,1393.0
2013-08-27,655.1954956054688,1.9957200288772583,2.6705799102783203,1420.5999755859375
2013-08-28,654.5205078125,2.0470399856567383,2.744080066680908,1419.0
2013-08-29,663.9404296875,2.0284500122070312,2.7045300006866455,1412.9000244140625
2013-08-30,,2.028980016708374,2.6836800575256348,1396.0999755859375
2013-09-02,685.4503173828125,2.0299899578094482,2.6782898902893066,
2013-09-03,669.7274780273438,2.0184500217437744,2.662600040435791,1412.0
2013-09-04,669.6544799804688,2.0563199520111084,2.709130048751831,1389.9000244140625
2013-09-05,667.1474609375,2.047379970550537,2.703929901123047,1373.0999755859375
2013-09-06,672.3204345703125,2.0680201053619385,2.713200092315674,1386.699951171875
2013-09-09,696.8883056640625,2.0515999794006348,2.7034800052642822,1386.800048828125
2013-09-10,717.876220703125,2.024139881134033,2.6787800788879395,1364.0999755859375
2013-09-11,717.7122192382812,2.0150399208068848,2.6721999645233154,1363.9000244140625
2013-09-12,727.2191772460938,2.0111899375915527,2.67933988571167,1330.4000244140625
2013-09-13,716.34619140625,2.02620005607605,2.694659948348999,1308.4000244140625
2013-09-16,742.58203125,2.0019900798797607,2.67438006401062,1317.9000244140625
2013-09-17,747.8300170898438,2.0002501010894775,2.6671299934387207,1309.5
2013-09-18,746.6010131835938,2.0011401176452637,2.6716699600219727,1307.800048828125
2013-09-19,794.65576171875,1.9381400346755981,2.6213300228118896,1369.4000244140625
2013-09-20,778.6248779296875,1.9601600170135498,2.652940034866333,1332.5
2013-09-23,768.0748901367188,1.9808100461959839,2.6801300048828125,1326.9000244140625
2013-09-24,765.2929077148438,1.9842599630355835,2.677180051803589,1316.0
2013-09-25,762.3389892578125,1.9950900077819824,2.6875100135803223,1335.9000244140625
2013-09-26,756.177978515625,2.0136899948120117,2.723860025405884,1323.5999755859375
2013-09-27,747.7190551757812,2.0195000171661377,2.7248001098632812,1338.4000244140625
2013-09-30,744.862060546875,2.0381200313568115,2.750230073928833,1326.5
2013-10-01,764.6959838867188,2.01921010017395,2.7309999465942383,1286.0
2013-10-02,751.6240234375,2.0085999965667725,2.715830087661743,1320.5999755859375
2013-10-03,762.6949462890625,1.9926799535751343,2.709630012512207,1317.4000244140625
2013-10-04,762.0659790039062,2.00219988822937,2.728179931640625,1309.699951171875
2013-10-07,759.0079956054688,1.986109972000122,2.6963798999786377,1324.800048828125
2013-10-08,750.635009765625,,2.706860065460205,1324.199951171875
2013-10-09,744.8350219726562,1.9870400428771973,2.702810049057007,1306.9000244140625
2013-10-10,756.3939819335938,1.982100009918213,2.683880090713501,1296.5999755859375
2013-10-11,761.7599487304688,1.9749900102615356,2.671910047531128,1268.0
2013-10-14,762.345947265625,1.9869400262832642,2.694040060043335,1276.4000244140625
2013-10-15,,1.9811999797821045,2.686269998550415,1273.0
2013-10-16,,1.9844199419021606,2.683579921722412,1282.0
2013-10-17,,1.9736900329589844,2.6674299240112305,1322.699951171875
2013-10-18,,1.9660700559616089,2.687340021133423,1314.4000244140625
2013-10-21,788.7658081054688,1.9690899848937988,2.6951301097869873,1315.699951171875
2013-10-22,792.7197875976562,1.9789899587631226,2.7073800563812256,1342.5
2013-10-23,785.15185546875,1.9668200016021729,2.709929943084717,1333.9000244140625
2013-10-24,788.4537963867188,1.9737800359725952,2.7212300300598145,1350.199951171875
2013-10-25,792.7108154296875,1.9795700311660767,2.7336199283599854,1352.4000244140625
2013-10-28,795.6477661132812,1.9815399646759033,2.73622989654541,1352.0
2013-10-29,,1.9823100566864014,2.733609914779663,1345.199951171875
2013-10-30,789.1897583007812,1.9901000261306763,2.735949993133545,1349.0
2013-10-31,776.1998901367188,1.9928900003433228,2.7376298904418945,1323.5999755859375
2013-11-01,765.0079956054688,1.9959900379180908,2.7109100818634033,1313.0999755859375
2013-11-04,762.3379516601562,2.0152900218963623,2.7200300693511963,1314.5999755859375
2013-11-05,747.4390258789062,2.0146899223327637,2.724179983139038,1308.0
2013-11-06,757.6819458007812,2.028899908065796,2.734220027923584,1317.699951171875
2013-11-07,758.1109619140625,2.0342600345611572,2.7516798973083496,1308.4000244140625
2013-11-08,739.1790771484375,2.0346899032592773,2.7281699180603027,1284.5
2013-11-11,721.3961791992188,2.038789987564087,2.722090005874634,1281.0
2013-11-12,719.042236328125,2.0419399738311768,2.7381200790405273,1271.0999755859375
2013-11-13,723.2661743164062,2.0530099868774414,2.7588999271392822,1268.300048828125
2013-11-14,739.7440795898438,2.0415899753570557,2.7551798820495605,1286.199951171875
2013-11-15,742.72802734375,2.03439998626709,2.7360999584198,1287.300048828125
2013-11-18,755.9729614257812,2.0301599502563477,2.7376298904418945,1272.199951171875
2013-11-19,746.1730346679688,2.0203299522399902,2.7285799980163574,1273.4000244140625
2013-11-20,753.81298828125,2.0093400478363037,2.7261900901794434,1257.9000244140625
2013-11-21,746.7890625,2.0146400928497314,2.707479953765869,1243.5
2013-11-22,756.376953125,2.0151400566101074,2.71560001373291,1244.0
2013-11-25,765.3099365234375,2.007309913635254,2.720089912414551,1241.0999755859375
2013-11-26,755.6279907226562,2.006309986114502,2.7153000831604004,1241.4000244140625
2013-11-27,748.9560546875,2.0109899044036865,2.728800058364868,1237.800048828125
2013-11-28,745.800048828125,2.0243899822235107,2.7494399547576904,
2013-11-29,757.4789428710938,2.013000011444092,2.739190101623535,1250.5999755859375
2013-12-02,749.508056640625,2.018929958343506,2.742959976196289,1222.300048828125
2013-12-03,730.87109375,2.038059949874878,2.760279893875122,1221.699951171875
2013-12-04,730.8831176757812,2.042109966278076,2.7763500213623047,1248.199951171875
2013-12-05,719.9151611328125,2.047339916229248,2.7825000286102295,1233.199951171875
2013-12-06,733.7800903320312,2.035099983215332,2.782520055770874,1230.300048828125
2013-12-09,742.3250122070312,2.024049997329712,2.7711799144744873,1235.300048828125
2013-12-10,741.1760864257812,2.0312600135803223,2.790179967880249,1262.4000244140625
2013-12-11,739.6541137695312,2.0257999897003174,2.7895500659942627,1258.5
2013-12-12,730.714111328125,2.042409896850586,2.816849946975708,1226.0
2013-12-13,740.6461181640625,2.042069911956787,2.807080030441284,1235.699951171875
2013-12-16,748.4300537109375,2.0416200160980225,2.803100109100342,1245.5
2013-12-17,709.4572143554688,2.026400089263916,2.7877800464630127,1231.199951171875
2013-12-18,714.169189453125,2.0348598957061768,2.802489995956421,1236.0999755859375
2013-12-19,690.996337890625,2.055299997329712,2.8126800060272217,1195.0
2013-12-20,695.724365234375,2.0718700885772705,2.829080104827881,1205.0999755859375
2013-12-23,680.857421875,2.090100049972534,2.860879898071289,1198.4000244140625
2013-12-24,689.974365234375,2.097209930419922,2.873080015182495,1205.0999755859375
2013-12-25,660.9625244140625,2.0762500762939453,2.838979959487915,
2013-12-26,645.548583984375,2.095289945602417,2.864109992980957,1214.0999755859375
2013-12-27,638.8485717773438,2.122030019760132,2.906130075454712,1216.0999755859375
2013-12-30,679.8533935546875,2.1549999713897705,2.964600086212158,1203.0999755859375
2013-12-31,678.013427734375,2.1205599308013916,2.9271600246429443,1201.9000244140625
2014-01-01,,2.1476500034332275,2.9527499675750732,
2014-01-02,669.8544311523438,2.146399974822998,2.9551799297332764,1225.0
2014-01-03,659.6675415039062,2.1686699390411377,2.9631600379943848,1238.4000244140625
2014-01-06,680.2163696289062,2.1749000549316406,2.9580399990081787,1237.800048828125
2014-01-07,685.9823608398438,2.1695799827575684,2.9570300579071045,1229.4000244140625
2014-01-08,673.3134155273438,2.1659700870513916,2.9489500522613525,1225.300048828125
2014-01-09,664.1324462890625,2.1834700107574463,2.9630799293518066,1229.300048828125
2014-01-10,679.1173706054688,2.1769700050354004,2.9618799686431885,1246.699951171875
2014-01-13,680.619384765625,2.163749933242798,2.9580800533294678,1250.9000244140625
2014-01-14,680.7213745117188,2.1784300804138184,2.977679967880249,1245.199951171875
2014-01-15,681.3424072265625,2.1819698810577393,2.9825799465179443,1238.0999755859375
2014-01-16,668.4324340820312,2.189069986343384,2.9768800735473633,1240.0
2014-01-17,656.3464965820312,2.2062699794769287,3.0042800903320312,1251.699951171875
2014-01-20,657.6325073242188,2.2332699298858643,3.0216400623321533,
2014-01-21,663.1834716796875,2.2386701107025146,3.033629894256592,1242.300048828125
2014-01-22,673.6693725585938,2.251270055770874,3.0525100231170654,1239.0
2014-01-23,654.28955078125,2.258270025253296,3.0579800605773926,1262.5999755859375
2014-01-24,644.2716064453125,2.2902700901031494,3.1346800327301025,1264.5
2014-01-27,645.68359375,2.329770088195801,3.1886799335479736,1263.5999755859375
2014-01-28,635.4336547851562,2.2797698974609375,3.117269992828369,1251.0
2014-01-29,620.8837280273438,2.185770034790039,2.9840800762176514,1262.199951171875
2014-01-30,627.0106811523438,2.2593600749969482,3.0855801105499268,1242.199951171875
2014-01-31,618.5786743164062,2.2637500762939453,3.068739891052246,1240.0999755859375
2014-02-03,616.7487182617188,2.2598700523376465,3.047879934310913,1260.4000244140625
2014-02-04,627.3236694335938,2.276520013809204,3.078579902648926,1251.699951171875
2014-02-05,624.4216918945312,2.2358999252319336,3.0225000381469727,1257.300048828125
2014-02-06,645.49560546875,2.2365500926971436,3.030519962310791,1257.5999755859375
2014-02-07,646.1395874023438,2.207469940185547,2.9997799396514893,1263.300048828125
2014-02-10,640.4985961914062,2.2182300090789795,3.020780086517334,1274.800048828125
2014-02-11,642.8035888671875,2.2115700244903564,3.0158801078796387,1290.0999755859375
2014-02-12,645.1336059570312,2.1919898986816406,2.988990068435669,1295.300048828125
2014-02-13,637.6466674804688,2.187570095062256,2.976599931716919,1300.4000244140625
2014-02-14,648.8255615234375,2.182990074157715,2.9855799674987793,1319.0
2014-02-17,655.988525390625,2.1786699295043945,2.983880043029785,
2014-02-18,641.2536010742188,2.1760900020599365,2.981679916381836,1324.699951171875
2014-02-19,633.817626953125,2.1771700382232666,2.9951798915863037,1320.5999755859375
2014-02-20,636.806640625,2.2117600440979004,3.035979986190796,1317.0999755859375
2014-02-21,638.8526000976562,2.1991000175476074,3.0177299976348877,1323.9000244140625
2014-02-24,641.8565673828125,2.1768600940704346,2.9904799461364746,1338.300048828125
2014-02-25,621.2346801757812,2.2000699043273926,3.0216801166534424,1343.0
2014-02-26,615.0267944335938,2.211250066757202,3.0401999950408936,1328.199951171875
2014-02-27,617.7886962890625,2.2329299449920654,3.054579973220825,1331.5999755859375
2014-02-28,625.5297241210938,2.2108700275421143,3.0293800830841064,1321.4000244140625
2014-03-03,611.8887939453125,2.227760076522827,3.0684800148010254,1350.0999755859375
2014-03-04,630.3036499023438,2.227570056915283,3.059580087661743,1337.800048828125
2014-03-05,634.4436645507812,2.2051799297332764,3.0304501056671143,1340.199951171875
2014-03-06,640.03857421875,2.201669931411743,3.0226800441741943,1351.699951171875
2014-03-07,630.9566650390625,2.178410053253174,3.019779920578003,1338.0999755859375
2014-03-10,627.3116455078125,2.2028698921203613,3.058690071105957,1341.4000244140625
2014-03-11,630.6526489257812,2.2177700996398926,3.0783801078796387,1346.5
2014-03-12,632.5826416015625,2.243459939956665,3.108380079269409,1370.300048828125
2014-03-13,633.4506225585938,2.23157000541687,3.101789951324463,1372.199951171875
2014-03-14,632.78564453125,2.233259916305542,3.096980094909668,1379.0
2014-03-17,641.974609375,2.2207601070404053,3.0886800289154053,1372.9000244140625
2014-03-18,655.7315063476562,2.2185699939727783,3.0905399322509766,1359.0
2014-03-19,654.8674926757812,2.216670036315918,3.088520050048828,1341.4000244140625
2014-03-20,652.6105346679688,2.2376298904418945,3.0951199531555176,1330.5
2014-03-21,645.7905883789062,2.2303600311279297,3.0731499195098877,1336.0
2014-03-24,637.1016235351562,2.234999895095825,3.083980083465576,1311.199951171875
2014-03-25,646.9616088867188,2.2361600399017334,3.093980073928833,1311.4000244140625
2014-03-26,677.3043823242188,2.215480089187622,3.0624499320983887,1303.4000244140625
2014-03-27,670.48046875,2.1905100345611572,3.0186800956726074,1294.699951171875
2014-03-28,691.1693115234375,2.1836700439453125,2.9992799758911133,1293.800048828125
2014-03-31,697.3592529296875,2.1757800579071045,2.9909799098968506,1283.4000244140625
2014-04-01,708.5701904296875,2.1373701095581055,2.943380117416382,1279.5999755859375
2014-04-02,706.4762573242188,2.1365699768066406,2.94677996635437,1290.5
2014-04-03,715.4442138671875,2.1266698837280273,2.9286999702453613,1284.4000244140625
2014-04-04,725.8251342773438,2.1325700283050537,2.9260098934173584,1303.199951171875
2014-04-07,724.8871459960938,2.112260103225708,2.8955399990081787,1298.0
2014-04-08,739.4611206054688,2.1107099056243896,2.901819944381714,1308.699951171875
2014-04-09,724.2821655273438,2.0933001041412354,2.887779951095581,1305.5
2014-04-10,731.4981079101562,2.101409912109375,2.9110798835754395,1320.0999755859375
2014-04-11,727.359130859375,2.110179901123047,2.9297800064086914,1318.699951171875
2014-04-14,737.7451171875,2.11641001701355,2.9297800064086914,1327.199951171875
2014-04-15,724.3761596679688,2.1211700439453125,2.931260108947754,1300.0
2014-04-16,723.9901733398438,2.1419599056243896,2.9580800533294678,1303.0999755859375
2014-04-17,735.6140747070312,2.1348299980163574,2.954279899597168,1293.4000244140625
2014-04-18,734.756103515625,2.1268699169158936,2.9394800662994385,
2014-04-21,734.4630737304688,2.12992000579834,2.941380023956299,1288.0
2014-04-22,731.6961059570312,2.1325600147247314,2.9406800270080566,1280.5999755859375
2014-04-23,,2.141350030899048,2.9568800926208496,1284.199951171875
2014-04-24,723.9091796875,2.1509900093078613,2.972140073776245,1290.5
2014-04-25,713.8832397460938,2.1339499950408936,2.952280044555664,1300.699951171875
2014-04-28,723.9811401367188,2.1352200508117676,2.9549601078033447,1298.9000244140625
2014-04-29,723.1461791992188,2.1275599002838135,2.9468801021575928,1296.0
2014-04-30,738.7111206054688,2.121000051498413,2.930799961090088,1295.5999755859375
2014-05-01,,2.1110799312591553,2.9292800426483154,1283.0999755859375
2014-05-02,751.5870361328125,2.1058599948883057,2.920380115509033,1302.5999755859375
2014-05-05,747.60400390625,2.1039700508117676,2.9179000854492188,1309.0
2014-05-06,751.8990478515625,2.0991899967193604,2.9120800495147705,1308.300048828125
2014-05-07,749.6680297851562,2.0891900062561035,2.909179925918579,1288.5999755859375
2014-05-08,757.81298828125,2.080579996109009,2.8940799236297607,1287.4000244140625
2014-05-09,755.6259765625,2.075860023498535,2.8735499382019043,1287.300048828125
2014-05-12,759.3519897460938,2.075269937515259,2.8573999404907227,1295.5999755859375
2014-05-13,757.760986328125,2.0806798934936523,2.8627400398254395,1294.5999755859375
2014-05-14,760.4739990234375,2.067389965057373,2.8346500396728516,1305.699951171875
2014-05-15,752.280029296875,2.0706799030303955,2.8435800075531006,1293.5
2014-05-16,750.0890502929688,2.0981900691986084,2.876199960708618,1293.300048828125
2014-05-19,,2.0964300632476807,2.871799945831299,1293.699951171875
2014-05-20,752.5490112304688,2.0950100421905518,2.873300075531006,1294.5
2014-05-21,764.5419921875,2.111569881439209,2.8932700157165527,1288.0
2014-05-22,780.4278564453125,2.0929598808288574,2.8659300804138184,1294.9000244140625
2014-05-23,780.6018676757812,2.081279993057251,2.8415000438690186,1291.5999755859375
2014-05-26,786.02783203125,2.0793299674987793,2.834120035171509,
2014-05-27,775.327880859375,2.082429885864258,2.843480110168457,1265.4000244140625
2014-05-28,779.9498291015625,2.100830078125,2.8648900985717773,1259.300048828125
2014-05-29,792.9957885742188,2.0972700119018555,2.852710008621216,1256.300048828125
2014-05-30,792.893798828125,2.0871899127960205,2.8398900032043457,1245.5999755859375
2014-06-02,786.4838256835938,2.0954198837280273,2.8555500507354736,1243.699951171875
2014-06-03,788.1787719726562,2.1070098876953125,2.8652799129486084,1244.300048828125
2014-06-04,783.8428344726562,2.116990089416504,2.8833200931549072,1244.0
2014-06-05,798.0258178710938,2.1143898963928223,2.877700090408325,1253.0
2014-06-06,803.9717407226562,2.0973598957061768,2.8657100200653076,1252.0999755859375
2014-06-09,807.5337524414062,2.077199935913086,2.8341000080108643,1253.5
2014-06-10,816.7156372070312,2.0858700275421143,2.8353500366210938,1259.800048828125
2014-06-11,790.2017822265625,2.0786800384521484,2.8155899047851562,1260.800048828125
2014-06-12,798.3388061523438,2.1131300926208496,2.8628900051116943,1273.5999755859375
2014-06-13,790.11181640625,2.1111700534820557,2.862380027770996,1273.699951171875
2014-06-16,776.452880859375,2.123159885406494,2.874190092086792,1274.9000244140625
2014-06-17,780.15283203125,2.142469882965088,2.9091100692749023,1271.699951171875
2014-06-18,780.9248657226562,2.149009943008423,2.9127800464630127,1272.4000244140625
2014-06-19,790.5687866210938,2.1233201026916504,2.886810064315796,1313.699951171875
2014-06-20,784.0028686523438,2.140170097351074,2.912980079650879,1316.199951171875
2014-06-23,793.2608032226562,2.1428799629211426,2.912869930267334,1318.0
2014-06-24,789.8568115234375,2.1356101036071777,2.9044899940490723,1320.9000244140625
2014-06-25,789.9747924804688,2.141390085220337,2.9136900901794434,1322.199951171875
2014-06-26,781.036865234375,2.1294798851013184,2.904599905014038,1316.0999755859375
2014-06-27,784.7198486328125,2.1251699924468994,2.8930699825286865,1319.0
2014-06-30,784.8858642578125,2.12349009513855,2.896899938583374,1321.800048828125
2014-07-01,771.06591796875,2.117300033569336,2.900059938430786,1326.4000244140625
2014-07-02,768.3139038085938,2.128070116043091,2.913640022277832,1330.699951171875
2014-07-03,775.2808837890625,2.1293299198150635,2.907249927520752,1320.4000244140625
2014-07-04,775.3439331054688,2.127700090408325,2.8952999114990234,
2014-07-07,789.5067749023438,2.1321001052856445,2.899749994277954,1316.5
2014-07-08,792.90380859375,2.128469944000244,2.8958001136779785,1316.0
2014-07-09,794.5838012695312,2.1238999366760254,2.891309976577759,1323.800048828125
2014-07-10,785.5118408203125,2.114880084991455,2.886889934539795,1338.699951171875
2014-07-11,793.6397705078125,2.1226799488067627,2.8878400325775146,1337.0
2014-07-14,806.2117309570312,2.1190199851989746,2.8824799060821533,1306.300048828125
2014-07-15,812.4466552734375,2.1159799098968506,2.8824400901794434,1296.9000244140625
2014-07-16,822.7006225585938,2.123379945755005,2.881380081176758,1299.5999755859375
2014-07-17,817.82763671875,2.1204800605773926,2.869450092315674,1316.699951171875
2014-07-18,823.140625,2.139820098876953,2.8926498889923096,1309.199951171875
2014-07-21,822.6986083984375,2.1247799396514893,2.8755900859832764,1313.699951171875
2014-07-22,825.3005981445312,2.1176700592041016,2.8640899658203125,1306.0999755859375
2014-07-23,828.5416259765625,2.105870008468628,2.8359999656677246,1304.5
2014-07-24,838.2425537109375,2.0875799655914307,2.8142800331115723,1290.5999755859375
2014-07-25,842.175537109375,2.090240001678467,2.814039945602417,1303.0999755859375
2014-07-28,,2.093100070953369,2.810810089111328,1303.300048828125
2014-07-29,,2.098180055618286,2.8193600177764893,1298.300048828125
2014-07-30,,2.1122100353240967,2.8331298828125,1294.9000244140625
2014-07-31,821.5646362304688,2.1313700675964355,2.8560800552368164,1281.300048828125
2014-08-01,820.9346923828125,2.1400699615478516,2.864949941635132,1293.5999755859375
2014-08-04,818.9286499023438,2.130389928817749,2.8613100051879883,1287.699951171875
2014-08-05,806.4147338867188,2.129699945449829,2.8585801124572754,1284.0
2014-08-06,794.3187866210938,2.151510000228882,2.877039909362793,1306.699951171875
2014-08-07,788.4287719726562,2.158519983291626,2.888309955596924,1310.800048828125
2014-08-08,791.9898071289062,2.167870044708252,2.896059989929199,1308.9000244140625
2014-08-11,772.7089233398438,2.1372499465942383,2.864300012588501,1308.5
2014-08-12,778.267822265625,2.149169921875,2.875930070877075,1308.800048828125
2014-08-13,776.181884765625,2.1634700298309326,2.891119956970215,1312.800048828125
2014-08-14,775.6948852539062,2.155179977416992,2.881880044937134,1313.9000244140625
2014-08-15,766.9169311523438,2.1520800590515137,2.8754100799560547,1304.5
2014-08-18,773.4169311523438,2.165800094604492,2.899280071258545,1297.699951171875
2014-08-19,792.7547607421875,2.16336989402771,2.88988995552063,1295.0999755859375
2014-08-20,788.664794921875,2.162600040435791,2.881500005722046,1293.4000244140625
2014-08-21,789.57080078125,2.1824700832366943,2.8945798873901367,1273.699951171875
2014-08-22,789.2918090820312,2.176680088043213,2.8901898860931396,1278.5999755859375
2014-08-25,792.6198120117188,2.1792500019073486,2.8758699893951416,1277.300048828125
2014-08-26,807.5387573242188,2.178679943084717,2.8735499382019043,1283.800048828125
2014-08-27,804.6697387695312,2.1648199558258057,2.851490020751953,1281.9000244140625
2014-08-28,808.3727416992188,2.1533799171447754,2.842289924621582,1288.699951171875
2014-08-29,803.124755859375,2.157180070877075,2.844330072402954,1285.800048828125
2014-09-01,808.2427368164062,2.1602799892425537,2.836289882659912,
2014-09-02,807.095703125,2.158560037612915,2.8346900939941406,1263.699951171875
2014-09-03,812.919677734375,2.1727399826049805,2.852799892425537,1268.9000244140625
2014-09-04,822.2556762695312,2.15775990486145,2.8386900424957275,1265.0999755859375
2014-09-05,821.9266967773438,2.1628201007843018,2.796910047531128,1265.800048828125
2014-09-08,821.9906616210938,2.157560110092163,2.7945001125335693,1252.699951171875
2014-09-09,800.7977294921875,2.172450065612793,2.799880027770996,1246.800048828125
2014-09-10,795.5017700195312,2.1960299015045166,2.842400074005127,1243.5
2014-09-11,789.6597900390625,2.1923699378967285,2.833479881286621,1237.4000244140625
2014-09-12,778.203857421875,2.1986000537872314,2.84128999710083,1229.9000244140625
2014-09-15,779.1768798828125,2.2203500270843506,2.8774900436401367,1233.5999755859375
2014-09-16,786.3418579101562,2.2127699851989746,2.8635199069976807,1235.199951171875
2014-09-17,789.6768188476562,2.2031800746917725,2.855289936065674,1234.4000244140625
2014-09-18,774.9598999023438,2.225059986114502,2.859879970550537,1225.699951171875
2014-09-19,769.2149047851562,2.224220037460327,2.874880075454712,1215.300048828125
2014-09-22,768.6948852539062,2.2344300746917725,2.8696799278259277,1216.800048828125
2014-09-23,766.6849365234375,2.2400801181793213,2.87814998626709,1221.0
2014-09-24,751.926025390625,2.237070083618164,2.873960018157959,1218.5999755859375
2014-09-25,745.9030151367188,2.236949920654297,2.8594799041748047,1221.199951171875
2014-09-26,746.3200073242188,2.259730100631714,2.8826498985290527,1214.0999755859375
2014-09-29,746.4530029296875,2.2639598846435547,2.868799924850464,1217.5
2014-09-30,749.3740234375,2.2794299125671387,2.8929600715637207,1210.5
2014-10-01,741.5410766601562,2.277780055999756,2.8764901161193848,1214.5999755859375
2014-10-02,738.5761108398438,2.283220052719116,2.884769916534424,1214.199951171875
2014-10-03,743.8400268554688,2.267270088195801,2.872080087661743,1192.199951171875
2014-10-06,,2.2933199405670166,2.8693900108337402,1206.699951171875
2014-10-07,,2.266580104827881,2.866070032119751,1211.699951171875
2014-10-08,729.43115234375,2.2740700244903564,2.8794798851013184,1205.300048828125
2014-10-09,752.0760498046875,2.2619500160217285,2.883810043334961,1224.5999755859375
2014-10-10,734.9370727539062,2.2699899673461914,2.880229949951172,1221.0
2014-10-13,751.1530151367188,2.2843799591064453,2.8877899646759033,1229.300048828125
2014-10-14,746.862060546875,2.270359992980957,2.8887999057769775,1233.5999755859375
2014-10-15,748.5560302734375,2.273289918899536,2.870879888534546,1244.0999755859375
2014-10-16,745.7550048828125,2.2695701122283936,2.9109299182891846,1240.5
2014-10-17,755.3289794921875,2.260859966278076,2.8947999477386475,1238.300048828125
2014-10-20,763.3099975585938,2.244839906692505,2.8619399070739746,1244.0
2014-10-21,776.451904296875,2.243259906768799,2.8701000213623047,1251.0
2014-10-22,780.8038330078125,2.243839979171753,2.85260009765625,1244.800048828125
2014-10-23,794.9428100585938,2.2452399730682373,2.838670015335083,1228.5
2014-10-24,794.1668090820312,2.2350499629974365,2.827929973602295,1231.199951171875
2014-10-27,792.3497924804688,2.230910062789917,2.8284499645233154,1229.0999755859375
2014-10-28,795.8867797851562,2.229569911956787,2.831239938735962,1229.199951171875
2014-10-29,,2.2060298919677734,2.8106300830841064,1224.300048828125
2014-10-30,798.9818115234375,2.2144999504089355,2.797679901123047,1198.0999755859375
2014-10-31,805.792724609375,2.198539972305298,2.7713799476623535,1171.0999755859375
2014-11-03,800.2747192382812,2.227260112762451,2.7843101024627686,1169.4000244140625
2014-11-04,802.677734375,2.2329599857330322,2.7901999950408936,1167.4000244140625
2014-11-05,789.5567626953125,2.220720052719116,2.7877800464630127,1145.4000244140625
2014-11-06,775.0989379882812,2.2437899112701416,2.8006699085235596,1142.300048828125
2014-11-07,779.5738525390625,2.266160011291504,2.8077900409698486,1169.5999755859375
2014-11-10,777.4298706054688,2.2559800148010254,2.8108699321746826,1159.5999755859375
2014-11-11,784.0298461914062,2.25819993019104,2.8071999549865723,1162.800048828125
2014-11-12,803.9447021484375,2.2554900646209717,2.8134100437164307,1158.9000244140625
2014-11-13,808.7567138671875,2.2506299018859863,2.7980799674987793,1161.0999755859375
2014-11-14,812.1116943359375,2.242460012435913,2.7968099117279053,1185.0
2014-11-17,804.9937133789062,2.229480028152466,2.790750026702881,1183.0
2014-11-18,813.294677734375,2.229979991912842,2.775279998779297,1196.699951171875
2014-11-19,814.6116943359375,2.220439910888672,2.7829999923706055,1193.5999755859375
2014-11-20,825.1146240234375,2.2309999465942383,2.799299955368042,1190.699951171875
2014-11-21,832.8135986328125,2.22025990486145,2.7853400707244873,1197.5
2014-11-24,832.515625,2.220979928970337,2.746880054473877,1195.5
2014-11-25,835.300537109375,2.228800058364868,2.7723000049591064,1197.0999755859375
2014-11-26,842.4285278320312,2.218369960784912,2.7690999507904053,1196.5999755859375
2014-11-27,846.8804931640625,2.209559917449951,2.7626700401306152,
2014-11-28,861.6824340820312,2.205780029296875,2.7474799156188965,1175.199951171875
2014-12-01,861.4684448242188,2.219399929046631,2.7597999572753906,1218.0
2014-12-02,849.1474609375,2.213469982147217,2.75927996635437,1199.199951171875
2014-12-03,849.146484375,2.2295100688934326,2.7616798877716064,1208.5
2014-12-04,862.33642578125,2.2383599281311035,2.757309913635254,1207.5
2014-12-05,852.3944702148438,2.2332799434661865,2.766900062561035,1190.0999755859375
2014-12-08,848.1824951171875,2.258929967880249,2.7775800228118896,1194.699951171875
2014-12-09,835.2685546875,2.2675700187683105,2.7923600673675537,1231.5
2014-12-10,841.258544921875,2.2649600505828857,2.8068699836730957,1228.9000244140625
2014-12-11,847.177490234375,2.2647500038146973,2.825079917907715,1225.0999755859375
2014-12-12,832.2595825195312,2.279939889907837,2.8238799571990967,1222.0
2014-12-15,828.0396118164062,2.302309989929199,2.870300054550171,1207.199951171875
2014-12-16,791.9077758789062,2.354749917984009,2.9305999279022217,1193.9000244140625
2014-12-17,808.2026977539062,2.3595499992370605,2.9494199752807617,1194.300048828125
2014-12-18,832.2576293945312,2.3357300758361816,2.883080005645752,1194.699951171875
2014-12-19,835.7315673828125,2.3216700553894043,2.8546900749206543,1195.9000244140625
2014-12-22,851.4334716796875,2.312649965286255,2.8274800777435303,1179.699951171875
2014-12-23,844.8755493164062,2.3127100467681885,2.829279899597168,1177.9000244140625
2014-12-24,848.2124633789062,2.318660020828247,2.8268699645996094,1173.5
2014-12-25,848.240478515625,2.3133599758148193,2.825269937515259,
2014-12-26,849.468505859375,2.317739963531494,2.8253800868988037,1195.300048828125
2014-12-29,841.0135498046875,2.319770097732544,2.8178799152374268,1181.699951171875
2014-12-30,845.3665161132812,2.3167600631713867,2.816279888153076,1200.199951171875
2014-12-31,857.2064208984375,2.32273006439209,2.825269937515259,1183.9000244140625
2015-01-01,,2.331160068511963,2.8248701095581055,
2015-01-02,854.58447265625,2.330980062484741,2.8198699951171875,1186.0
2015-01-05,864.6213989257812,2.34224009513855,2.7972800731658936,1203.9000244140625
2015-01-06,869.0913696289062,2.330749988555908,2.7820799350738525,1219.300048828125
2015-01-07,867.7614135742188,2.3236100673675537,2.7584800720214844,1210.5999755859375
2015-01-08,876.891357421875,2.3175699710845947,2.744580030441284,1208.4000244140625
2015-01-09,876.4793701171875,2.2981998920440674,2.7094600200653076,1216.0
2015-01-12,878.642333984375,2.2927699089050293,2.7206599712371826,1232.699951171875
2015-01-13,883.1303100585938,2.2842700481414795,2.7014598846435547,1234.300048828125
2015-01-14,875.63037109375,2.282370090484619,2.6882500648498535,1234.4000244140625
2015-01-15,877.42333984375,2.281219959259033,2.6907498836517334,1264.699951171875
2015-01-16,874.1593627929688,2.3053200244903564,2.682650089263916,1276.9000244140625
2015-01-19,880.0603637695312,2.330970048904419,2.6951000690460205,
2015-01-20,892.000244140625,2.331860065460205,2.7044498920440674,1294.199951171875
2015-01-21,903.1232299804688,2.3454599380493164,2.70878005027771,1293.699951171875
2015-01-22,909.023193359375,2.3489699363708496,2.7279000282287598,1300.699951171875
2015-01-23,907.356201171875,2.3262600898742676,2.637860059738159,1292.5999755859375
2015-01-26,914.1242065429688,2.36296010017395,2.6295599937438965,1279.4000244140625
2015-01-27,911.4961547851562,2.3560099601745605,2.6509499549865723,1291.699951171875
2015-01-28,903.4111938476562,2.363140106201172,2.687000036239624,1285.9000244140625
2015-01-29,885.5733032226562,2.3869199752807617,2.695199966430664,1254.5999755859375
2015-01-30,889.4533081054688,2.415489912033081,2.736870050430298,1278.5
2015-02-02,897.1232299804688,2.440200090408325,2.757859945297241,1276.199951171875
2015-02-03,875.0803833007812,2.430759906768799,2.7569000720977783,1259.699951171875
2015-02-04,859.096435546875,2.40159010887146,2.750849962234497,1263.800048828125
2015-02-05,857.888427734375,2.459939956665039,2.785670042037964,1262.0
2015-02-06,849.8695068359375,2.435810089111328,2.792449951171875,1233.9000244140625
2015-02-09,845.7384643554688,2.4717600345611572,2.796799898147583,1240.800048828125
2015-02-10,831.1596069335938,2.4747300148010254,2.8030500411987305,1231.5999755859375
2015-02-11,834.29052734375,2.494309902191162,2.8239998817443848,1219.0
2015-02-12,860.8214111328125,2.498110055923462,2.8298499584198,1220.0999755859375
2015-02-13,858.0884399414062,2.4674999713897705,2.8132998943328857,1226.5
2015-02-16,860.4004516601562,2.455970048904419,2.799530029296875,
2015-02-17,844.2445678710938,2.454859972000122,2.7808499336242676,1208.0999755859375
2015-02-18,854.4124755859375,2.4514999389648438,2.7948501110076904,1199.699951171875
2015-02-19,864.138427734375,2.443310022354126,2.7828500270843506,1207.0999755859375
2015-02-20,854.8844604492188,2.453200101852417,2.7870500087738037,1204.4000244140625
2015-02-23,862.87841796875,2.452500104904175,2.793450117111206,1200.300048828125
2015-02-24,866.9074096679688,2.471820116043091,2.8025100231170654,1196.9000244140625
2015-02-25,867.3304443359375,2.4628500938415527,2.793800115585327,1201.0
2015-02-26,859.1494140625,2.4872000217437744,2.8277499675750732,1209.5999755859375
2015-02-27,841.4705200195312,2.504470109939575,2.8048300743103027,1212.5999755859375
2015-03-02,839.4645385742188,2.506089925765991,2.7970099449157715,1207.699951171875
2015-03-03,843.0345458984375,2.520709991455078,2.8173398971557617,1204.0
2015-03-04,820.6676635742188,2.53262996673584,2.8331000804901123,1200.5999755859375
2015-03-05,807.791748046875,2.5620200634002686,2.837369918823242,1195.9000244140625
2015-03-06,803.0977172851562,2.6057300567626953,2.875040054321289,1164.0999755859375
2015-03-09,806.44970703125,2.6226999759674072,2.843100070953369,1166.4000244140625
2015-03-10,779.7708740234375,2.6031200885772705,2.820499897003174,1160.0999755859375
2015-03-11,782.765869140625,2.6362900733947754,2.8220999240875244,1150.699951171875
2015-03-12,782.9278564453125,2.6112399101257324,2.7544500827789307,1152.0999755859375
2015-03-13,766.4169311523438,2.5859899520874023,2.7486701011657715,1152.5999755859375
2015-03-16,781.9528198242188,2.629879951477051,2.75639009475708,1153.300048828125
2015-03-17,800.302734375,2.622889995574951,2.7736799716949463,1148.300048828125
2015-03-18,799.4187622070312,2.6107499599456787,2.765929937362671,1151.4000244140625
2015-03-19,819.2156372070312,2.5696499347686768,2.789900064468384,1169.0999755859375
2015-03-20,825.0596313476562,2.602289915084839,2.77839994430542,1184.800048828125
2015-03-23,837.41552734375,2.5772199630737305,2.7886500358581543,1188.0
2015-03-24,820.3216552734375,2.540570020675659,2.779520034790039,1191.699951171875
2015-03-25,826.4876098632812,2.5554299354553223,2.785399913787842,1197.300048828125
2015-03-26,814.8196411132812,2.5859899520874023,2.8352599143981934,1205.0999755859375
2015-03-27,808.937744140625,2.6029999256134033,2.8334999084472656,1199.800048828125
2015-03-30,821.835693359375,2.6113998889923096,2.8414299488067627,1184.800048828125
2015-03-31,808.4557495117188,2.60260009765625,2.8201000690460205,1183.0999755859375
2015-04-01,812.0806884765625,2.5959599018096924,2.7910799980163574,1208.0999755859375
2015-04-02,816.7596435546875,2.596859931945801,2.799720048904419,1200.9000244140625
2015-04-03,829.9385986328125,2.58870005607605,2.8134500980377197,
2015-04-06,831.297607421875,2.566270112991333,2.8233799934387207,1218.5999755859375
2015-04-07,824.6546020507812,2.570580005645752,2.811850070953369,1210.5999755859375
2015-04-08,827.9896240234375,2.600939989089966,2.81466007232666,1203.0999755859375
2015-04-09,835.1315307617188,2.59768009185791,2.8031198978424072,1193.5999755859375
2015-04-10,826.45361328125,2.618769884109497,2.7934000492095947,1204.5999755859375
2015-04-13,819.3716430664062,2.626620054244995,2.785749912261963,1199.300048828125
2015-04-14,823.192626953125,2.6681900024414062,2.8212499618530273,1192.800048828125
2015-04-15,813.5706787109375,2.6868999004364014,2.861140012741089,1201.5
2015-04-16,824.3626098632812,2.6975600719451904,2.8809499740600586,1198.0
2015-04-17,824.172607421875,2.680619955062866,2.8853600025177,1202.9000244140625
2015-04-20,823.0216064453125,2.6809298992156982,2.8980400562286377,1193.5
2015-04-21,842.7725219726562,2.6955299377441406,2.899049997329712,1202.9000244140625
2015-04-22,837.799560546875,2.6844699382781982,2.8834400177001953,1186.9000244140625
2015-04-23,,2.7123000621795654,2.9112699031829834,1194.4000244140625
2015-04-24,855.5084838867188,2.7034499645233154,2.9252400398254395,1175.199951171875
2015-04-27,864.014404296875,2.7196600437164307,2.9549100399017334,1203.300048828125
2015-04-28,862.0903930664062,2.6773200035095215,2.913209915161133,1214.0
2015-04-29,859.7794189453125,2.657259941101074,2.9173998832702637,1209.800048828125
2015-04-30,839.4655151367188,2.656749963760376,2.9521501064300537,1182.4000244140625
2015-05-01,,2.6734800338745117,2.9989500045776367,1174.5
2015-05-04,840.1845703125,2.711280107498169,3.0340099334716797,1186.800048828125
2015-05-05,833.8026123046875,2.7133500576019287,3.024940013885498,1193.199951171875
2015-05-06,824.4096069335938,2.705080032348633,3.026979923248291,1190.300048828125
2015-05-07,825.6976318359375,2.693589925765991,3.0556399822235107,1182.4000244140625
2015-05-08,840.5945434570312,2.6877501010894775,3.0244998931884766,1189.0999755859375
2015-05-11,847.5234985351562,2.690999984741211,3.0139000415802,1183.199951171875
2015-05-12,853.6304931640625,2.6924901008605957,3.001039981842041,1192.5999755859375
2015-05-13,864.17041015625,2.660099983215332,2.9856600761413574,1218.4000244140625
2015-05-14,872.432373046875,2.629689931869507,2.986910104751587,1225.4000244140625
2015-05-15,876.0443725585938,2.5910398960113525,2.95524001121521,1225.5
2015-05-18,886.5142822265625,2.576119899749756,2.947930097579956,1227.800048828125
2015-05-19,,2.582200050354004,2.924989938735962,1206.9000244140625
2015-05-20,877.9063720703125,2.591020107269287,2.8873300552368164,1208.9000244140625
2015-05-21,865.6454467773438,2.5782198905944824,2.8654000759124756,1204.4000244140625
2015-05-22,858.034423828125,2.59089994430542,2.8786799907684326,1204.300048828125
2015-05-25,845.6654663085938,2.599440097808838,2.8565099239349365,
2015-05-26,836.4895629882812,2.614449977874756,2.867530107498169,1187.199951171875
2015-05-27,842.9165649414062,2.637079954147339,2.871890068054199,1185.9000244140625
2015-05-28,835.6915283203125,2.641079902648926,2.8778998851776123,1188.0999755859375
2015-05-29,829.8076171875,2.6553099155426025,2.9098498821258545,1189.4000244140625
2015-06-01,804.2867431640625,2.6595699787139893,2.915410041809082,1188.300048828125
2015-06-02,814.1976928710938,2.6808199882507324,2.9270401000976562,1194.0999755859375
2015-06-03,833.9315795898438,2.6721599102020264,2.9793100357055664,1184.699951171875
2015-06-04,824.985595703125,2.684530019760132,3.024139881134033,1174.9000244140625
2015-06-05,819.4296875,2.6688199043273926,2.9921000003814697,1167.800048828125
2015-06-08,778.0498657226562,2.7522900104522705,3.0576701164245605,1173.199951171875
2015-06-09,781.4588623046875,2.7501800060272217,3.102139949798584,1177.300048828125
2015-06-10,797.4747924804688,2.7506399154663086,3.107419967651367,1186.0999755859375
2015-06-11,808.44775390625,2.7324299812316895,3.0907399654388428,1179.9000244140625
2015-06-12,805.3207397460938,2.7029099464416504,3.0394198894500732,1178.800048828125
2015-06-15,789.509765625,2.716140031814575,3.0477399826049805,1185.300048828125
2015-06-16,801.833740234375,2.735729932785034,3.084939956665039,1180.5
2015-06-17,807.1287231445312,2.73334002494812,3.0730700492858887,1176.4000244140625
2015-06-18,819.3206787109375,2.7107698917388916,3.083889961242676,1201.5
2015-06-19,824.5396118164062,2.714560031890869,3.0865399837493896,1201.5
2015-06-22,834.257568359375,2.6933701038360596,3.0614399909973145,1183.699951171875
2015-06-23,830.6806030273438,2.667180061340332,3.0256400108337402,1176.199951171875
2015-06-24,841.4025268554688,2.6764800548553467,2.9910800457000732,1172.5999755859375
2015-06-25,832.7666015625,2.6774799823760986,3.0021400451660156,1171.5
2015-06-26,835.45654296875,2.6539299488067627,2.973140001296997,1172.9000244140625
2015-06-29,817.5576782226562,2.6986498832702637,2.9637699127197266,1178.5
2015-06-30,822.4906616210938,2.7032999992370605,3.032900094985962,1171.5
2015-07-01,816.8126831054688,2.681030035018921,2.9859399795532227,1169.0
2015-07-02,818.795654296875,2.691610097885132,2.9707400798797607,1163.0
2015-07-03,812.1656494140625,2.683619976043701,2.9745399951934814,
2015-07-06,823.6546020507812,2.7152199745178223,2.984499931335449,1172.9000244140625
2015-07-07,815.7186889648438,2.6793100833892822,2.9608800411224365,1152.4000244140625
2015-07-08,803.8617553710938,2.686530113220215,2.957940101623535,1163.300048828125
2015-07-09,822.8585815429688,2.6844699382781982,2.9738800525665283,1159.0
2015-07-10,827.9146118164062,2.674269914627075,2.9590799808502197,1157.699951171875
2015-07-13,833.8786010742188,2.668489933013916,2.9693400859832764,1155.199951171875
2015-07-14,830.4066162109375,2.6459898948669434,2.9088399410247803,1153.300048828125
2015-07-15,827.2745971679688,2.631319999694824,2.8986899852752686,1147.199951171875
2015-07-16,827.8936157226562,2.6464500427246094,2.8959600925445557,1143.800048828125
2015-07-17,,2.6570301055908203,2.8928399085998535,1131.800048828125
2015-07-20,813.1956787109375,2.656630039215088,2.8774399757385254,1106.699951171875
2015-07-21,815.8316650390625,2.693700075149536,2.9188599586486816,1103.4000244140625
2015-07-22,812.2196655273438,2.6839399337768555,2.9354400634765625,1091.4000244140625
2015-07-23,783.3618774414062,2.7066900730133057,2.9568400382995605,1094.0
2015-07-24,787.1168212890625,2.7330501079559326,3.0026800632476807,1085.5999755859375
2015-07-27,773.5159301757812,2.744189977645874,3.0101399421691895,1096.5
2015-07-28,780.23583984375,2.7681798934936523,3.0704801082611084,1096.300048828125
2015-07-29,780.7938232421875,2.7572999000549316,3.051539897918701,1092.699951171875
2015-07-30,782.7108764648438,2.7657599449157715,3.0383501052856445,1088.4000244140625
2015-07-31,799.0927734375,2.7876598834991455,3.0518798828125,1094.9000244140625
2015-08-03,781.6368408203125,2.7670700550079346,3.0350699424743652,1089.4000244140625
2015-08-04,782.3448486328125,2.777329921722412,3.0425400733947754,1090.699951171875
2015-08-05,781.3388671875,2.779400110244751,3.0248401165008545,1085.699951171875
2015-08-06,788.02685546875,2.7850399017333984,3.0392398834228516,1090.199951171875
2015-08-07,784.266845703125,2.775279998779297,3.0319700241088867,1094.0999755859375
2015-08-10,774.9489135742188,2.779670000076294,3.0478498935699463,1104.199951171875
2015-08-11,797.19580078125,2.766900062561035,3.0480499267578125,1107.5999755859375
2015-08-12,781.7438354492188,2.7785799503326416,3.0679399967193604,1123.199951171875
2015-08-13,770.8508911132812,2.7753500938415527,3.0960400104522705,1115.699951171875
2015-08-14,773.0859375,2.8230600357055664,3.151050090789795,1112.9000244140625
2015-08-17,769.2199096679688,2.8320000171661377,3.141079902648926,1118.5999755859375
2015-08-18,759.5969848632812,2.8687500953674316,3.1777400970458984,1117.0999755859375
2015-08-19,752.9920043945312,2.891319990158081,3.1897099018096924,1128.0999755859375
2015-08-20,746.8140258789062,2.9261999130249023,3.2560200691223145,1153.0
2015-08-21,737.97412109375,2.916640043258667,3.278140068054199,1159.5999755859375
2015-08-24,713.4161987304688,2.954200029373169,3.359380006790161,1153.4000244140625
2015-08-25,735.0930786132812,2.946959972381592,3.413719892501831,1138.199951171875
2015-08-26,736.1550903320312,2.940500020980835,3.3960399627685547,1124.5999755859375
2015-08-27,748.1310424804688,2.927449941635132,3.3204400539398193,1122.4000244140625
2015-08-28,746.4120483398438,2.90939998626709,3.272170066833496,1133.0999755859375
2015-08-31,752.1000366210938,2.9180500507354736,3.272170066833496,1131.5999755859375
2015-09-01,735.693115234375,2.915950059890747,3.2743399143218994,1138.699951171875
2015-09-02,736.5570678710938,2.9318900108337402,3.311039924621582,1132.5
2015-09-03,740.037109375,2.941740036010742,3.3021600246429443,1123.699951171875
2015-09-04,729.4971313476562,2.9702999591827393,3.303539991378784,1120.5999755859375
2015-09-07,718.6542358398438,3.0353500843048096,3.3859200477600098,
2015-09-08,720.51416015625,3.0300400257110596,3.383039951324463,1120.4000244140625
2015-09-09,720.0291748046875,3.0090999603271484,3.3740499019622803,1102.199951171875
2015-09-10,718.4612426757812,3.0465500354766846,3.420180082321167,1109.5
2015-09-11,713.5051879882812,3.017280101776123,3.406680107116699,1103.5
2015-09-14,712.990234375,3.035799980163574,3.4445900917053223,1107.699951171875
2015-09-15,731.7301025390625,3.055999994277954,3.455899953842163,1102.800048828125
2015-09-16,741.4910888671875,3.0297000408172607,3.415519952774048,1119.199951171875
2015-09-17,749.8020629882812,2.9977099895477295,3.3868799209594727,1117.300048828125
2015-09-18,750.9860229492188,3.0071499347686768,3.4222400188446045,1138.0999755859375
2015-09-21,758.6029663085938,3.004349946975708,3.392810106277466,1133.0999755859375
2015-09-22,749.9330444335938,3.003499984741211,3.3630499839782715,1125.0
2015-09-23,746.0980224609375,3.026819944381714,3.364259958267212,1131.5999755859375
2015-09-24,,3.0371100902557373,3.395009994506836,1153.800048828125
2015-09-25,,3.047290086746216,3.4065699577331543,1146.0
2015-09-28,733.1461181640625,3.0427401065826416,3.394629955291748,1132.0
2015-09-29,742.5730590820312,3.0529000759124756,3.427449941635132,1127.0999755859375
2015-09-30,742.0510864257812,3.038140058517456,3.4199600219726562,1115.5
2015-10-01,745.3060302734375,3.023319959640503,3.3777201175689697,1114.199951171875
2015-10-02,743.9630126953125,3.0246100425720215,3.383419990539551,1137.0999755859375
2015-10-05,769.0209350585938,2.996299982070923,3.3636300563812256,1138.0999755859375
2015-10-06,772.5819091796875,2.981920003890991,3.339200019836426,1146.800048828125
2015-10-07,786.9778442382812,2.9560000896453857,3.331439971923828,1149.0
2015-10-08,786.6058349609375,2.937999963760376,3.306190013885498,1144.699951171875
2015-10-09,792.144775390625,2.8928699493408203,3.2644100189208984,1156.300048828125
2015-10-12,792.9967651367188,2.933039903640747,3.3227999210357666,1164.9000244140625
2015-10-13,783.5818481445312,2.9286000728607178,3.3248701095581055,1165.800048828125
2015-10-14,793.7977905273438,2.960930109024048,3.370620012283325,1180.0999755859375
2015-10-15,792.6287841796875,2.9116899967193604,3.342250108718872,1187.9000244140625
2015-10-16,784.8318481445312,2.8785998821258545,3.273969888687134,1183.5999755859375
2015-10-19,797.3407592773438,2.894010066986084,3.288710117340088,1173.300048828125
2015-10-20,804.9607543945312,2.905100107192993,3.2906599044799805,1178.0
2015-10-21,797.6488037109375,2.899970054626465,3.2929999828338623,1167.5999755859375
2015-10-22,802.5547485351562,2.895210027694702,3.285490036010742,1166.5999755859375
2015-10-23,801.2437133789062,2.871880054473877,3.1825098991394043,1163.300048828125
2015-10-26,792.6187744140625,2.9100100994110107,3.2071399688720703,1167.0
2015-10-27,786.620849609375,2.888129949569702,3.1956300735473633,1166.800048828125
2015-10-28,785.3588256835938,2.9041500091552734,3.2045600414276123,1177.0999755859375
2015-10-29,,2.9197499752044678,3.1911799907684326,1147.199951171875
2015-10-30,794.0858154296875,2.9347000122070312,3.224100112915039,1141.5
2015-11-02,836.9315185546875,2.8469998836517334,3.1386899948120117,1135.800048828125
2015-11-03,829.1345825195312,2.8238298892974854,3.110879898071289,1114.199951171875
2015-11-04,836.8365478515625,2.8281400203704834,3.099790096282959,1106.5
2015-11-05,829.5526123046875,2.8633999824523926,3.111639976501465,1104.4000244140625
2015-11-06,819.2976684570312,2.8589999675750732,3.1083199977874756,1087.5999755859375
2015-11-09,820.4966430664062,2.9200899600982666,3.133970022201538,1087.9000244140625
2015-11-10,811.7366943359375,2.919830083847046,3.1408801078796387,1088.199951171875
2015-11-11,817.1756591796875,2.914060115814209,3.1288299560546875,1084.699951171875
2015-11-12,821.4296875,2.8732199668884277,3.094409942626953,1080.800048828125
2015-11-13,818.78369140625,2.862920045852661,3.096790075302124,1080.800048828125
2015-11-16,810.459716796875,2.877929925918579,3.0792899131774902,1083.699951171875
2015-11-17,811.524658203125,2.881230115890503,3.078779935836792,1068.699951171875
2015-11-18,805.1377563476562,2.869040012359619,3.0538299083709717,1068.800048828125
2015-11-19,804.40771484375,2.8603599071502686,3.0536398887634277,1078.0
2015-11-20,806.812744140625,2.843519926071167,3.050420045852661,1076.4000244140625
2015-11-23,797.4437866210938,2.8299400806427,3.0109400749206543,1066.800048828125
2015-11-24,762.4259643554688,2.8495500087738037,3.032639980316162,1074.300048828125
2015-11-25,768.3609008789062,2.874000072479248,3.059269905090332,1070.5
2015-11-26,749.9720458984375,2.883699893951416,3.0684800148010254,
2015-11-27,756.3799438476562,2.9280900955200195,3.104449987411499,1056.199951171875
2015-11-30,752.3240356445312,2.925649881362915,3.0957601070404053,1065.800048828125
2015-12-01,767.8508911132812,2.910449981689453,3.077280044555664,1063.800048828125
2015-12-02,763.9459838867188,2.8882598876953125,3.069230079650879,1054.199951171875
2015-12-03,754.5239868164062,2.8880999088287354,3.0665700435638428,1061.699951171875
2015-12-04,742.6490478515625,2.882390022277832,3.14697003364563,1084.5
2015-12-07,739.0850830078125,2.8891899585723877,3.1446499824523926,1076.4000244140625
2015-12-08,731.0050659179688,2.91117000579834,3.1539900302886963,1076.300048828125
2015-12-09,745.8330078125,2.9098401069641113,3.169640064239502,1077.5999755859375
2015-12-10,723.5381469726562,2.912600040435791,3.2083399295806885,1073.0999755859375
2015-12-11,702.7992553710938,2.924329996109009,3.2015299797058105,1076.9000244140625
2015-12-14,693.0833129882812,2.967989921569824,3.259660005569458,1064.699951171875
2015-12-15,721.5641479492188,2.983989953994751,3.2806999683380127,1062.9000244140625
2015-12-16,728.3141479492188,2.962599992752075,3.2400100231170654,1078.0
2015-12-17,737.1151123046875,2.934999942779541,3.194540023803711,1050.800048828125
2015-12-18,724.6001586914062,2.9249000549316406,3.1720199584960938,1066.199951171875
2015-12-21,733.278076171875,2.910259962081909,3.163520097732544,1081.9000244140625
2015-12-22,731.01708984375,2.911250114440918,3.1769800186157227,1074.800048828125
2015-12-23,740.445068359375,2.9302499294281006,3.210779905319214,1069.4000244140625
2015-12-24,740.5001220703125,2.9168999195098877,3.1827399730682373,1077.199951171875
2015-12-25,741.89111328125,2.9151699542999268,3.196150064468384,
2015-12-28,742.4280395507812,2.915369987487793,3.1953399181365967,1070.5
2015-12-29,739.1220703125,2.905400037765503,3.1875898838043213,1077.5
2015-12-30,732.0031127929688,2.9047999382019043,3.1763100624084473,1060.0999755859375
2015-12-31,717.2662353515625,2.9200899600982666,3.1928000450134277,1060.300048828125
2016-01-01,,2.911900043487549,3.1678500175476074,
2016-01-04,705.1802978515625,2.9161500930786133,3.1655499935150146,1075.0999755859375
2016-01-05,706.8772583007812,2.964319944381714,3.208970069885254,1078.4000244140625
2016-01-06,711.9752197265625,2.9850399494171143,3.209510087966919,1091.9000244140625
2016-01-07,714.9552001953125,3.000999927520752,3.2366700172424316,1107.699951171875
2016-01-08,706.1282958984375,3.0004000663757324,3.2784199714660645,1097.800048828125
2016-01-11,710.4862060546875,3.0348000526428223,3.320280075073242,1096.5
2016-01-12,717.4002075195312,3.034290075302124,3.2949299812316895,1085.5999755859375
2016-01-13,725.0831298828125,3.0319600105285645,3.2872700691223145,1087.5
2016-01-14,719.4021606445312,3.027100086212158,3.2976300716400146,1073.9000244140625
2016-01-15,710.6162109375,3.0234999656677246,3.285830020904541,1091.5
2016-01-18,710.3931884765625,3.0500600337982178,3.331199884414673,
2016-01-19,710.7282104492188,3.034830093383789,3.3065900802612305,1089.9000244140625
2016-01-20,696.0363159179688,3.0374200344085693,3.3140599727630615,1107.0999755859375
2016-01-21,685.6753540039062,3.040750026702881,3.3093700408935547,1099.0999755859375
2016-01-22,702.435302734375,3.015929937362671,3.275010108947754,1097.199951171875
2016-01-25,705.3862915039062,3.002350091934204,3.2430999279022217,1106.199951171875
2016-01-26,718.085205078125,3.0218100547790527,3.2802200317382812,1121.699951171875
2016-01-27,720.525146484375,3.006769895553589,3.266740083694458,1116.0999755859375
2016-01-28,724.2701416015625,2.9990200996398926,3.2729899883270264,1115.5999755859375
2016-01-29,734.8070678710938,2.969510078430176,3.248150110244751,1116.4000244140625
2016-02-01,734.4730834960938,2.9544999599456787,3.198040008544922,1127.9000244140625
2016-02-02,725.0581665039062,2.945349931716919,3.2099499702453613,1127.300048828125
2016-02-03,732.6701049804688,2.952660083770752,3.2254300117492676,1141.300048828125
2016-02-04,745.050048828125,2.9147000312805176,3.234639883041382,1157.5999755859375
2016-02-05,742.0310668945312,2.9116098880767822,3.2612900733947754,1157.800048828125
2016-02-08,720.0481567382812,2.9143800735473633,3.249389886856079,1197.9000244140625
2016-02-09,714.148193359375,2.9459099769592285,3.2959299087524414,1198.699951171875
2016-02-10,716.1382446289062,2.9380500316619873,3.3170299530029297,1194.699951171875
2016-02-11,709.4132080078125,2.919100046157837,3.2959699630737305,1247.9000244140625
2016-02-12,709.3702392578125,2.9306800365448,3.3167099952697754,1239.0999755859375
2016-02-15,710.0772094726562,2.93530011177063,3.2942399978637695,
2016-02-16,709.4882202148438,2.9457199573516846,3.292799949645996,1207.9000244140625
2016-02-17,728.0471801757812,2.9763200283050537,3.317919969558716,1211.0999755859375
2016-02-18,734.4611206054688,2.954900026321411,3.2889299392700195,1226.0999755859375
2016-02-19,730.150146484375,2.9677999019622803,3.2971699237823486,1230.4000244140625
2016-02-22,748.93505859375,2.9509599208831787,3.2830801010131836,1209.5
2016-02-23,754.9939575195312,2.9347000122070312,3.2370400428771973,1222.300048828125
2016-02-24,740.6680908203125,2.9410300254821777,3.24330997467041,1238.699951171875
2016-02-25,752.0150146484375,2.9359099864959717,3.2361600399017334,1238.199951171875
2016-02-26,749.2860107421875,2.9268200397491455,3.2278099060058594,1219.800048828125
2016-02-29,758.1399536132812,2.987950086593628,3.2652499675750732,1233.9000244140625
2016-03-01,759.5499877929688,2.9629499912261963,3.225939989089966,1230.300048828125
2016-03-02,767.8759155273438,2.9344899654388428,3.192150115966797,1241.0999755859375
2016-03-03,768.2789306640625,2.9251699447631836,3.181770086288452,1257.4000244140625
2016-03-04,771.9069213867188,2.9099700450897217,3.1865899562835693,1269.9000244140625
2016-03-07,774.8348999023438,2.9048800468444824,3.1942501068115234,1263.199951171875
2016-03-08,776.8248291015625,2.9154000282287598,3.2119600772857666,1262.0999755859375
2016-03-09,787.3778686523438,2.9117701053619385,3.20415997505188,1256.5999755859375
2016-03-10,790.2427978515625,2.8930599689483643,3.180690050125122,1272.0
2016-03-11,793.7977905273438,2.891050100326538,3.2320499420166016,1258.699951171875
2016-03-14,801.104736328125,2.871809959411621,3.207119941711426,1244.4000244140625
2016-03-15,790.3067626953125,2.8708200454711914,3.186490058898926,1230.4000244140625
2016-03-16,793.6878051757812,2.8968698978424072,3.2176499366760254,1229.300048828125
2016-03-17,813.7666625976562,2.8691399097442627,3.220410108566284,1264.5
2016-03-18,829.4296264648438,2.8422698974609375,3.2173900604248047,1253.800048828125
2016-03-21,834.0225830078125,2.8701400756835938,3.2375199794769287,1243.800048828125
2016-03-22,817.6566772460938,2.8630800247192383,3.2174301147460938,1248.199951171875
2016-03-23,803.8327026367188,2.8677499294281006,3.221440076828003,1223.699951171875
2016-03-24,813.5796508789062,2.875459909439087,3.2196900844573975,1221.4000244140625
2016-03-25,813.5606689453125,2.8754799365997314,3.2124099731445312,
2016-03-28,813.441650390625,2.874269962310791,3.2077200412750244,1219.9000244140625
2016-03-29,817.3316650390625,2.868340015411377,3.2131199836730957,1235.5999755859375
2016-03-30,829.173583984375,2.8404200077056885,3.207520008087158,1226.9000244140625
2016-03-31,832.6755981445312,2.833009958267212,3.213740110397339,1234.199951171875
2016-04-01,823.589599609375,2.8169000148773193,3.2057299613952637,1222.199951171875
2016-04-04,838.7245483398438,2.822999954223633,3.2159900665283203,1218.0
2016-04-05,829.6365966796875,2.8112399578094482,3.2013399600982666,1228.4000244140625
2016-04-06,815.108642578125,2.829890012741089,3.2220399379730225,1222.5
2016-04-07,811.6426391601562,2.839060068130493,3.239419937133789,1236.199951171875
2016-04-08,825.0166015625,2.863800048828125,3.257159948348999,1242.5
2016-04-11,839.8705444335938,2.8496201038360596,3.249150037765503,1256.699951171875
2016-04-12,837.1935424804688,2.82778000831604,3.2281301021575928,1259.4000244140625
2016-04-13,856.9624633789062,2.832900047302246,3.226639986038208,1246.800048828125
2016-04-14,857.8453979492188,2.8441998958587646,3.2097599506378174,1225.0
2016-04-15,855.7284545898438,2.8498499393463135,3.2125298976898193,1233.0999755859375
2016-04-18,863.4324340820312,2.8524999618530273,3.2224700450897217,1233.5999755859375
2016-04-19,862.5054321289062,2.8381199836730957,3.210390090942383,1253.0
2016-04-20,855.4974975585938,2.8299999237060547,3.2148900032043457,1253.199951171875
2016-04-21,856.7034912109375,2.8104300498962402,3.178679943084717,1249.0
2016-04-22,858.2824096679688,2.8310999870300293,3.1971099376678467,1228.699951171875
2016-04-25,851.0894775390625,2.8454298973083496,3.1971099376678467,1238.9000244140625
2016-04-26,857.5594482421875,2.8432199954986572,3.2046000957489014,1242.199951171875
2016-04-27,853.7374877929688,2.8194799423217773,3.1867899894714355,1249.199951171875
2016-04-28,854.7734985351562,2.8171699047088623,3.193690061569214,1265.5
2016-04-29,853.2734985351562,2.811110019683838,3.1932899951934814,1289.199951171875
2016-05-02,838.2945556640625,2.792409896850586,3.2026400566101074,1294.699951171875
2016-05-03,810.6937255859375,2.803499937057495,3.232150077819824,1290.699951171875
2016-05-04,793.82177734375,2.844949960708618,3.272589921951294,1273.300048828125
2016-05-05,786.9838256835938,2.954349994659424,3.396739959716797,1271.4000244140625
2016-05-06,783.6768798828125,2.928070068359375,3.339200019836426,1292.9000244140625
2016-05-09,790.6167602539062,2.9231998920440674,3.3304800987243652,1265.5999755859375
2016-05-10,788.0198364257812,2.941849946975708,3.350529909133911,1263.9000244140625
2016-05-11,790.2738037109375,2.9491000175476074,3.354609966278076,1274.5999755859375
2016-05-12,783.037841796875,2.9519500732421875,3.3754398822784424,1270.300048828125
2016-05-13,778.079833984375,2.9616100788116455,3.369729995727539,1271.9000244140625
2016-05-16,769.992919921875,2.9714300632476807,3.3632900714874268,1273.4000244140625
2016-05-17,772.7678833007812,2.973900079727173,3.3668899536132812,1276.199951171875
2016-05-18,772.4349365234375,2.967400074005127,3.3586299419403076,1273.699951171875
2016-05-19,,2.986330032348633,3.353440046310425,1254.199951171875
2016-05-20,763.572998046875,2.988110065460205,3.348939895629883,1252.4000244140625
2016-05-23,767.6549072265625,2.9744999408721924,3.339430093765259,1251.0999755859375
2016-05-24,794.341796875,2.995270013809204,3.3587899208068848,1228.9000244140625
2016-05-25,786.0868530273438,2.948319911956787,3.282979965209961,1223.5
2016-05-26,780.3518676757812,2.939120054244995,3.281790018081665,1220.0999755859375
2016-05-27,780.2848510742188,2.937649965286255,3.287339925765991,1213.800048828125
2016-05-30,785.3478393554688,2.959249973297119,3.288100004196167,
2016-05-31,778.0298461914062,2.9532699584960938,3.293299913406372,1214.800048828125
2016-06-01,770.3449096679688,2.946700096130371,3.2816998958587646,1211.9000244140625
2016-06-02,762.7169799804688,2.942460060119629,3.2941699028015137,1209.800048828125
2016-06-03,781.390869140625,2.9481799602508545,3.2882299423217773,1240.0999755859375
2016-06-06,785.923828125,2.906909942626953,3.2997798919677734,1244.5999755859375
2016-06-07,781.5718383789062,2.905319929122925,3.3015999794006348,1244.4000244140625
2016-06-08,788.3228149414062,2.8961598873138428,3.289530038833618,1259.800048828125
2016-06-09,777.1128540039062,2.891279935836792,3.2994799613952637,1270.199951171875
2016-06-10,768.868896484375,2.894629955291748,3.274630069732666,1273.4000244140625
2016-06-13,765.337890625,2.929409980773926,3.293100118637085,1284.4000244140625
2016-06-14,757.5909423828125,2.9219799041748047,3.2985401153564453,1285.5999755859375
2016-06-15,762.3699951171875,2.9344799518585205,3.290560007095337,1285.800048828125
2016-06-16,746.7130126953125,2.9228100776672363,3.2931699752807617,1296.0999755859375
2016-06-17,754.3009643554688,2.9296200275421143,3.2981200218200684,1292.5
2016-06-20,775.2269287109375,2.91129994392395,3.305030107498169,1290.0
2016-06-21,775.3099365234375,2.901319980621338,3.2849600315093994,1270.5
2016-06-22,772.6708984375,2.9114999771118164,3.276370048522949,1268.0
2016-06-23,779.8948364257812,2.8893001079559326,3.2737998962402344,1261.199951171875
2016-06-24,753.6559448242188,2.8641700744628906,3.2440099716186523,1320.0
2016-06-27,751.6080322265625,2.9411299228668213,3.2477200031280518,1322.5
2016-06-28,769.2889404296875,2.9364500045776367,3.23363995552063,1315.300048828125
2016-06-29,767.1159057617188,2.9061100482940674,3.2177700996398926,1323.9000244140625
2016-06-30,768.1679077148438,2.887860059738159,3.2183899879455566,1318.4000244140625
2016-07-01,779.516845703125,2.881779909133911,3.20032000541687,1336.699951171875
2016-07-04,783.8728637695312,2.901520013809204,3.2287099361419678,
2016-07-05,,2.90487003326416,3.2383999824523926,1356.4000244140625
2016-07-06,,2.924870014190674,3.2357900142669678,1364.9000244140625
2016-07-07,,2.9371800422668457,3.2614400386810303,1360.0999755859375
2016-07-08,780.1908569335938,2.932919979095459,3.2467899322509766,1356.5999755859375
2016-07-11,792.3457641601562,2.891619920730591,3.1944398880004883,1355.0
2016-07-12,811.4116821289062,2.903409957885742,3.210860013961792,1334.0999755859375
2016-07-13,813.212646484375,2.8868799209594727,3.1934499740600586,1342.4000244140625
2016-07-14,825.8936157226562,2.898900032043457,3.218440055847168,1331.300048828125
2016-07-15,828.2496337890625,2.8837599754333496,3.2020299434661865,1326.5
2016-07-18,769.5718994140625,2.9662599563598633,3.279370069503784,1328.4000244140625
2016-07-19,761.7739868164062,2.9803099632263184,3.299649953842163,1331.5
2016-07-20,749.0240478515625,3.0438899993896484,3.352679967880249,1318.800048828125
2016-07-21,715.9462280273438,3.0819098949432373,3.3973701000213623,1330.5
2016-07-22,717.3801879882812,3.0641698837280273,3.3815200328826904,1323.0999755859375
2016-07-25,741.736083984375,3.0570499897003174,3.3534200191497803,1319.300048828125
2016-07-26,736.8900756835938,3.0352399349212646,3.3363900184631348,1320.699951171875
2016-07-27,750.7530517578125,3.040060043334961,3.33978009223938,1326.5999755859375
2016-07-28,752.43701171875,3.013730049133301,3.338170051574707,1332.300048828125
2016-07-29,754.0509643554688,3.0103600025177,3.3371500968933105,1349.0
2016-08-01,767.1129150390625,2.9863901138305664,3.3353700637817383,1351.4000244140625
2016-08-02,758.0349731445312,2.9887499809265137,3.3382999897003174,1364.4000244140625
2016-08-03,745.5180053710938,2.9913198947906494,3.3575799465179443,1356.0999755859375
2016-08-04,761.251953125,3.012120008468628,3.3609700202941895,1358.800048828125
2016-08-05,760.6529541015625,3.009660005569458,3.3521299362182617,1336.4000244140625
2016-08-08,777.786865234375,2.9954299926757812,3.321510076522827,1333.4000244140625
2016-08-09,785.244873046875,2.980449914932251,3.303730010986328,1339.0
2016-08-10,779.5528564453125,2.9680299758911133,3.299880027770996,1344.300048828125
2016-08-11,790.331787109375,2.9553699493408203,3.3079400062561035,1342.5
2016-08-12,782.2818603515625,2.9595000743865967,3.2967000007629395,1335.800048828125
2016-08-15,784.7218627929688,2.959700107574463,3.3033699989318848,1340.300048828125
2016-08-16,777.0668334960938,2.941659927368164,3.2903800010681152,1350.5
2016-08-17,781.473876953125,2.927500009536743,3.301909923553467,1342.699951171875
2016-08-18,779.704833984375,2.9177000522613525,3.2997701168060303,1351.199951171875
2016-08-19,781.4518432617188,2.9267001152038574,3.322279930114746,1340.4000244140625
2016-08-22,779.5288696289062,2.9321000576019287,3.311530113220215,1337.699951171875
2016-08-23,773.3319091796875,2.9402201175689697,3.3291499614715576,1340.5999755859375
2016-08-24,761.1589965820312,2.9488000869750977,3.333169937133789,1324.4000244140625
2016-08-25,767.8948974609375,2.950700044631958,3.32463002204895,1320.0999755859375
2016-08-26,771.1929321289062,2.933340072631836,3.312269926071167,1321.5
2016-08-29,761.1839599609375,2.9534599781036377,3.307310104370117,1322.9000244140625
2016-08-30,,2.9507501125335693,3.3034300804138184,1311.699951171875
2016-08-31,759.6719970703125,2.9632999897003174,3.3039300441741943,1306.9000244140625
2016-09-01,758.5239868164062,2.9570701122283936,3.302030086517334,1312.199951171875
2016-09-02,768.8389282226562,2.9610300064086914,3.315959930419922,1322.0999755859375
2016-09-05,777.911865234375,2.9502999782562256,3.2914299964904785,
2016-09-06,779.94384765625,2.945499897003174,3.285059928894043,1349.4000244140625
2016-09-07,776.4279174804688,2.9219000339508057,3.287950038909912,1344.300048828125
2016-09-08,778.4308471679688,2.933799982070923,3.302340030670166,1336.800048828125
2016-09-09,770.5308837890625,2.9530999660491943,3.328850030899048,1330.0999755859375
2016-09-12,,2.9683001041412354,3.3355300426483154,1321.0
2016-09-13,,2.9695000648498535,3.3384299278259277,1319.0
2016-09-14,,2.9815499782562256,3.3450100421905518,1321.5
2016-09-15,,2.979300022125244,3.3520801067352295,1313.5
2016-09-16,760.198974609375,2.9661099910736084,3.3360300064086914,1305.800048828125
2016-09-19,776.703857421875,2.977799892425537,3.3234200477600098,1313.5
2016-09-20,773.1309204101562,2.975399971008301,3.326630115509033,1313.699951171875
2016-09-21,779.1548461914062,2.9763600826263428,3.319969892501831,1326.9000244140625
2016-09-22,797.9547729492188,2.9540998935699463,3.3069698810577393,1340.4000244140625
2016-09-23,797.559814453125,2.941819906234741,3.297760009765625,1337.199951171875
2016-09-26,767.2529296875,2.9883999824523926,3.3586599826812744,1339.699951171875
2016-09-27,771.6029052734375,2.980259895324707,3.353450059890747,1325.9000244140625
2016-09-28,776.7738647460938,2.9732298851013184,3.335819959640503,1319.4000244140625
2016-09-29,770.763916015625,2.9779999256134033,3.344290018081665,1321.699951171875
2016-09-30,764.8799438476562,2.997080087661743,3.363189935684204,1313.300048828125
2016-10-03,772.2499389648438,3.001569986343384,3.371530055999756,1309.0
2016-10-04,770.5739135742188,3.0195999145507812,3.385349988937378,1266.300048828125
2016-10-05,778.5328369140625,3.058069944381714,3.427690029144287,1265.199951171875
2016-10-06,778.94287109375,3.0516200065612793,3.4226300716400146,1249.800048828125
2016-10-07,779.755859375,3.0421900749206543,3.3896100521087646,1248.9000244140625
2016-10-10,778.348876953125,3.0494000911712646,3.413439989089966,
2016-10-11,776.431884765625,3.069380044937134,3.419339895248413,1253.0
2016-10-12,774.60888671875,3.0812900066375732,3.408750057220459,1251.0999755859375
2016-10-13,768.0989379882812,3.085400104522705,3.3973100185394287,1255.0
2016-10-14,775.5379028320312,3.081929922103882,3.4057400226593018,1253.0999755859375
2016-10-17,774.3718872070312,3.092099905014038,3.3906400203704834,1254.4000244140625
2016-10-18,783.3998413085938,3.0952999591827393,3.4088499546051025,1260.800048828125
2016-10-19,792.0947875976562,3.0945000648498535,3.3958001136779785,1267.9000244140625
2016-10-20,792.519775390625,3.059499979019165,3.357219934463501,1265.5999755859375
2016-10-21,788.4328002929688,3.0597000122070312,3.342400074005127,1265.9000244140625
2016-10-24,799.32177734375,3.079969882965088,3.3508100509643555,1262.0
2016-10-25,794.3287963867188,3.081779956817627,3.3501100540161133,1271.9000244140625
2016-10-26,793.9747924804688,3.070199966430664,3.3431200981140137,1264.800048828125
2016-10-27,787.3878784179688,3.0803000926971436,3.362529993057251,1267.9000244140625
2016-10-28,783.3248291015625,3.111299991607666,3.3907899856567383,1275.5
2016-10-31,785.3578491210938,3.1063098907470703,3.41267991065979,1271.5
2016-11-01,774.2819213867188,3.0935800075531006,3.3943800926208496,1286.4000244140625
2016-11-02,771.7119140625,3.113300085067749,3.442729949951172,1306.800048828125
2016-11-03,766.8099365234375,3.1131200790405273,3.4553799629211426,1302.0999755859375
2016-11-04,742.6680297851562,3.1150999069213867,3.46016001701355,1303.300048828125
2016-11-07,756.8159790039062,3.1507599353790283,3.4973599910736084,1278.300048828125
2016-11-08,763.6739501953125,3.16759991645813,3.500149965286255,1273.4000244140625
2016-11-09,762.0859985351562,3.162400007247925,3.484489917755127,1272.5999755859375
2016-11-10,763.5999755859375,3.2091000080108643,3.5031399726867676,1265.5
2016-11-11,751.738037109375,3.2476999759674072,3.5368099212646484,
2016-11-14,744.18701171875,3.2357699871063232,3.5026299953460693,1221.199951171875
2016-11-15,751.5020141601562,3.289599895477295,3.5325300693511963,1224.0
2016-11-16,747.5870361328125,3.2867000102996826,3.5246100425720215,1223.4000244140625
2016-11-17,751.3580322265625,3.31892991065979,3.5544800758361816,1216.5
2016-11-18,756.385986328125,3.3750600814819336,3.5849900245666504,1208.5
2016-11-21,755.4319458007812,3.3758699893951416,3.5734100341796875,1209.5999755859375
2016-11-22,758.115966796875,3.3568599224090576,3.572319984436035,1211.0
2016-11-23,750.3650512695312,3.379470109939575,3.593319892883301,1189.0999755859375
2016-11-24,741.9271240234375,3.396199941635132,3.581660032272339,
2016-11-25,743.6310424804688,3.4639999866485596,3.657949924468994,1178.199951171875
2016-11-28,749.8980102539062,3.4467999935150146,3.6559300422668457,1190.5999755859375
2016-11-29,742.0510864257812,3.410799980163574,3.6229801177978516,1187.9000244140625
2016-11-30,739.9481201171875,3.40939998626709,3.629930019378662,1170.800048828125
2016-12-01,725.1951293945312,3.435260057449341,3.640700101852417,1166.9000244140625
2016-12-02,733.9050903320312,3.497339963912964,3.730649948120117,1175.0999755859375
2016-12-05,735.9931030273438,3.5423500537872314,3.749569892883301,1174.0
2016-12-06,754.3289794921875,3.5186100006103516,3.785449981689453,1167.5999755859375
2016-12-07,760.303955078125,3.446579933166504,3.6936399936676025,1175.0
2016-12-08,759.2890014648438,3.3886001110076904,3.6438798904418945,1169.800048828125
2016-12-09,757.2689819335938,3.4502999782562256,3.66621994972229,1159.4000244140625
2016-12-12,762.3919677734375,3.5111000537872314,3.7031099796295166,1163.5
2016-12-13,769.9489135742188,3.468329906463623,3.6910901069641113,1156.699951171875
2016-12-14,768.804931640625,3.4857800006866455,3.704629898071289,1161.300048828125
2016-12-15,776.7818603515625,3.5315001010894775,3.7138400077819824,1127.800048828125
2016-12-16,775.8928833007812,3.507699966430664,3.652359962463379,1135.300048828125
2016-12-19,771.5739135742188,3.490730047225952,3.6479899883270264,1140.5
2016-12-20,778.0748291015625,3.5327999591827393,3.6744699478149414,1131.5
2016-12-21,776.19091796875,3.521699905395508,3.6585400104522705,1131.0999755859375
2016-12-22,774.0429077148438,3.508229970932007,3.6604299545288086,1128.800048828125
2016-12-23,769.7178955078125,3.506380081176758,3.660550117492676,1131.9000244140625
2016-12-26,770.2808837890625,3.5090200901031494,3.6689400672912598,
2016-12-27,766.9899291992188,3.51104998588562,3.670949935913086,1137.300048828125
2016-12-28,775.472900390625,3.5218000411987305,3.6846399307250977,1139.4000244140625
2016-12-29,778.3548583984375,3.535330057144165,3.6853699684143066,1156.4000244140625
2016-12-30,781.3828735351562,3.5176000595092773,3.714970111846924,1150.0
2017-01-02,777.5408325195312,3.534899950027466,3.719099998474121,
2017-01-03,766.1779174804688,3.5418999195098877,3.70278000831604,1160.4000244140625
2017-01-04,761.4319458007812,3.5922999382019043,3.743149995803833,1163.800048828125
2017-01-05,763.8589477539062,3.5693700313568115,3.749000072479248,1179.699951171875
2017-01-06,771.0618896484375,3.591909885406494,3.810529947280884,1171.9000244140625
2017-01-09,773.9398803710938,3.6398301124572754,3.8332600593566895,1183.5
2017-01-10,773.9329223632812,3.7084898948669434,3.9270899295806885,1184.199951171875
2017-01-11,776.661865234375,3.7982499599456787,4.008769989013672,1195.5999755859375
2017-01-12,808.9057006835938,3.8740999698638916,4.103250026702881,1198.9000244140625
2017-01-13,815.2386474609375,3.7634100914001465,3.9946799278259277,1195.300048828125
2017-01-16,817.1126708984375,3.7377800941467285,3.9731099605560303,
2017-01-17,823.6235961914062,3.806030035018921,4.037919998168945,1212.0
2017-01-18,827.7886352539062,3.7607998847961426,4.0198798179626465,1211.300048828125
2017-01-19,822.9985961914062,3.806570053100586,4.045169830322266,1200.9000244140625
2017-01-20,830.6676025390625,3.8269999027252197,4.07912015914917,1204.300048828125
2017-01-23,830.4736328125,3.765429973602295,4.035039901733398,1215.0
2017-01-24,842.0745239257812,3.754499912261963,4.040329933166504,1210.300048828125
2017-01-25,831.2786254882812,3.781909942626953,4.0580902099609375,1197.300048828125
2017-01-26,838.2605590820312,3.833400011062622,4.122399806976318,1189.5
2017-01-27,838.26953125,3.859800100326538,4.122159957885742,1188.0999755859375
2017-01-30,862.3704223632812,3.868000030517578,4.145229816436768,1193.199951171875
2017-01-31,862.952392578125,3.7761900424957275,4.043970108032227,1208.5999755859375
2017-02-01,868.4754028320312,3.7725000381469727,4.0741400718688965,1205.5999755859375
2017-02-02,873.9373779296875,3.771559953689575,4.064040184020996,1216.699951171875
2017-02-03,883.8903198242188,3.7345099449157715,4.0206499099731445,1218.5
2017-02-06,873.5743408203125,3.7008299827575684,3.9916300773620605,1230.0
2017-02-07,874.7623901367188,3.687000036239624,3.958669900894165,1234.199951171875
2017-02-08,882.486328125,3.740689992904663,3.994119882583618,1237.5999755859375
2017-02-09,888.2973022460938,3.7105000019073486,3.9675700664520264,1235.0999755859375
2017-02-10,874.7283325195312,3.6842000484466553,3.926419973373413,1234.4000244140625
2017-02-13,885.7783203125,3.6860198974609375,3.916100025177002,1224.4000244140625
2017-02-14,880.8173217773438,3.6707000732421875,3.8891899585723877,1223.9000244140625
2017-02-15,878.8153686523438,3.651900053024292,3.863029956817627,1231.699951171875
2017-02-16,881.8643188476562,3.6558799743652344,3.8825299739837646,1240.0
2017-02-17,888.29931640625,3.6673998832702637,3.90841007232666,1237.5999755859375
2017-02-20,885.872314453125,3.6305999755859375,3.8553199768066406,
2017-02-21,889.6463012695312,3.6234400272369385,3.8438899517059326,1237.5
2017-02-22,885.3082885742188,3.625230073928833,3.821429967880249,1232.0
2017-02-23,891.3792724609375,3.5824999809265137,3.782249927520752,1250.199951171875
2017-02-24,882.580322265625,3.5683000087738037,3.775700092315674,1256.9000244140625
2017-02-27,877.6493530273438,3.598989963531494,3.7968499660491943,1257.4000244140625
2017-02-28,874.7783813476562,3.6068999767303467,3.8183000087738037,1252.5999755859375
2017-03-01,893.1982421875,3.642199993133545,3.84906005859375,1248.9000244140625
2017-03-02,899.334228515625,3.6505000591278076,3.847709894180298,1231.9000244140625
2017-03-03,897.2162475585938,3.726759910583496,3.9189400672912598,1225.5
2017-03-06,910.4451904296875,3.709779977798462,3.9408600330352783,1224.5
2017-03-07,908.1311645507812,3.713330030441284,3.9283699989318848,1215.0999755859375
2017-03-08,894.84423828125,3.6786000728607178,3.88703989982605,1208.5
2017-03-09,890.0213012695312,3.744070053100586,3.9508399963378906,1202.4000244140625
2017-03-10,896.1092529296875,3.7732601165771484,3.9922399520874023,1200.699951171875
2017-03-13,894.292236328125,3.7397799491882324,3.997809886932373,1202.4000244140625
2017-03-14,891.3602905273438,3.740999937057495,3.983920097351074,1201.9000244140625
2017-03-15,894.4512329101562,3.740600109100342,3.968519926071167,1200.0999755859375
2017-03-16,902.67822265625,3.6739799976348877,3.947089910507202,1226.5
2017-03-17,904.9091796875,3.6280999183654785,3.9103899002075195,1229.800048828125
2017-03-20,909.0161743164062,3.628649950027466,3.898560047149658,1233.5999755859375
2017-03-21,906.0601806640625,3.623300075531006,3.8914198875427246,1246.0999755859375
2017-03-22,898.0862426757812,3.6324000358581543,3.927220106124878,1249.300048828125
2017-03-23,897.63623046875,3.6157000064849854,3.9045300483703613,1246.9000244140625
2017-03-24,903.8222045898438,3.6328999996185303,3.9179000854492188,1248.199951171875
2017-03-27,896.9462280273438,3.6015000343322754,3.9061899185180664,1255.4000244140625
2017-03-28,901.812255859375,3.6150999069213867,3.9250400066375732,1255.300048828125
2017-03-29,892.6922607421875,3.6565499305725098,3.955430030822754,1253.4000244140625
2017-03-30,892.8182373046875,3.643699884414673,3.918720006942749,1245.0
2017-03-31,889.4692993164062,3.6542999744415283,3.9050099849700928,1247.300048828125
2017-04-03,886.6903076171875,3.6284799575805664,3.872689962387085,1250.800048828125
2017-04-04,886.1212768554688,3.644200086593628,3.8888399600982666,1255.0
2017-04-05,890.3703002929688,3.6775999069213867,3.9282400608062744,1245.4000244140625
2017-04-06,886.7852783203125,3.703900098800659,3.951550006866455,1250.300048828125
2017-04-07,884.9683227539062,3.70524001121521,3.9459500312805176,1254.300048828125
2017-04-10,912.4002075195312,3.7279999256134033,3.9398601055145264,1251.0999755859375
2017-04-11,909.0401611328125,3.7281999588012695,3.950469970703125,1271.199951171875
2017-04-12,909.5171508789062,3.6949000358581543,3.926409959793091,1275.300048828125
2017-04-13,898.7022094726562,3.6470000743865967,3.8911900520324707,1285.9000244140625
2017-04-14,900.6322631835938,3.6677699089050293,3.8932199478149414,
2017-04-17,906.533203125,3.635699987411499,3.8548901081085205,1289.4000244140625
2017-04-18,913.733154296875,3.7009201049804688,3.93966007232666,1291.699951171875
2017-04-19,908.0361938476562,3.655410051345825,3.921449899673462,1281.4000244140625
2017-04-20,920.3890991210938,3.6718499660491943,3.9375998973846436,1281.9000244140625
2017-04-21,924.234130859375,3.6407999992370605,3.900710105895996,1287.4000244140625
2017-04-24,938.0230102539062,3.6126999855041504,3.92972993850708,1275.800048828125
2017-04-25,946.343994140625,3.5751500129699707,3.8840699195861816,1265.5999755859375
2017-04-26,945.218017578125,3.5776898860931396,3.910900115966797,1262.0999755859375
2017-04-27,942.8200073242188,3.57069993019104,3.900670051574707,1263.699951171875
2017-04-28,946.5479736328125,3.5632998943328857,3.87076997756958,1266.0999755859375
2017-05-01,,3.5529000759124756,3.8735198974609375,1253.300048828125
2017-05-02,943.5540161132812,3.5532000064849854,3.8759100437164307,1255.0999755859375
2017-05-03,938.6220092773438,3.522599935531616,3.85260009765625,1246.4000244140625
2017-05-04,930.3800659179688,3.533799886703491,3.8507399559020996,1226.5
2017-05-05,939.2789916992188,3.5537099838256836,3.901550054550171,1224.800048828125
2017-05-08,938.322021484375,3.5404300689697266,3.881930112838745,1225.300048828125
2017-05-09,953.2289428710938,3.5845999717712402,3.9152300357818604,1214.300048828125
2017-05-10,961.9368896484375,3.6225600242614746,3.944040060043335,1217.300048828125
2017-05-11,951.1359252929688,3.583899974822998,3.8982300758361816,1222.699951171875
2017-05-12,949.9589233398438,3.5773000717163086,3.886320114135742,1226.199951171875
2017-05-15,955.8729248046875,3.5724000930786133,3.9024300575256348,1228.5999755859375
2017-05-16,961.60986328125,3.5467000007629395,3.8948400020599365,1235.0
2017-05-17,957.2449340820312,3.541749954223633,3.9289700984954834,1257.5
2017-05-18,951.4679565429688,3.5840001106262207,3.995850086212158,1251.699951171875
2017-05-19,,3.622469902038574,4.025929927825928,1252.699951171875
2017-05-22,963.994873046875,3.575659990310669,4.007900238037109,1260.699951171875
2017-05-23,977.1697998046875,3.5659000873565674,4.006770133972168,1254.800048828125
2017-05-24,983.1328125,3.573780059814453,3.996350049972534,1252.4000244140625
2017-05-25,977.1238403320312,3.558500051498413,3.9949300289154053,1255.800048828125
2017-05-26,975.3278198242188,3.5673000812530518,3.999500036239624,1267.5999755859375
2017-05-29,977.2548217773438,3.577199935913086,3.99849009513855,
2017-05-30,973.4708251953125,3.5801000595092773,3.9843199253082275,1262.0999755859375
2017-05-31,975.4108276367188,3.552500009536743,3.9678499698638916,1272.0
2017-06-01,973.65283203125,3.5281999111175537,3.969749927520752,1267.0
2017-06-02,988.6737670898438,3.5297999382019043,3.959969997406006,1276.800048828125
2017-06-05,981.914794921875,3.505389928817749,3.955080032348633,1279.300048828125
2017-06-06,983.309814453125,3.524600028991699,3.9658000469207764,1294.4000244140625
2017-06-07,976.1597900390625,3.5136001110076904,3.961699962615967,1290.0999755859375
2017-06-08,979.7698364257812,3.550960063934326,3.9979801177978516,1276.300048828125
2017-06-09,989.4237670898438,3.5309200286865234,3.947279930114746,1268.5
2017-06-12,994.415771484375,3.5387001037597656,3.963819980621338,1266.0999755859375
2017-06-13,992.9917602539062,3.515700101852417,3.9380199909210205,1265.800048828125
2017-06-14,996.357666015625,3.5173399448394775,3.942310094833374,1272.800048828125
2017-06-15,987.36474609375,3.48865008354187,3.9147698879241943,1252.199951171875
2017-06-16,981.9208374023438,3.513000011444092,3.9165000915527344,1254.0
2017-06-19,993.3157348632812,3.500499963760376,3.9236299991607666,1244.199951171875
2017-06-20,992.687744140625,3.522200107574463,3.924420118331909,1241.0
2017-06-21,993.895751953125,3.543800115585327,3.9465599060058594,1243.4000244140625
2017-06-22,1000.7166748046875,3.530600070953369,3.949039936065674,1247.5999755859375
2017-06-23,996.3817138671875,3.5129001140594482,3.9164199829101562,1256.199951171875
2017-06-26,,3.505160093307495,3.9252500534057617,1246.300048828125
2017-06-27,,3.5000500679016113,3.91513991355896,1246.4000244140625
2017-06-28,1006.1716918945312,3.5237998962402344,3.99495005607605,1248.0
2017-06-29,1001.897705078125,3.511699914932251,4.000790119171143,1244.199951171875
2017-06-30,1004.398681640625,3.5242300033569336,4.0337300300598145,1240.699951171875
2017-07-03,1005.2177124023438,3.5192999839782715,4.020299911499023,1217.9000244140625
2017-07-04,1012.0726318359375,3.5546000003814697,4.043099880218506,
2017-07-05,1007.4396362304688,3.5576999187469482,4.040890216827393,1220.4000244140625
2017-07-06,1006.2647094726562,3.607300043106079,4.092909812927246,1222.199951171875
2017-07-07,1000.8386840820312,3.620990037918091,4.138020038604736,1208.5999755859375
2017-07-10,1010.9666137695312,3.6201000213623047,4.129000186920166,1212.0999755859375
2017-07-11,1031.820556640625,,,1213.5999755859375
2017-07-12,1038.092529296875,3.615600109100342,4.147970199584961,1218.0999755859375
2017-07-13,1042.0965576171875,3.5692200660705566,4.074920177459717,1216.300048828125
2017-07-14,1051.7513427734375,3.5659899711608887,4.066299915313721,1226.5999755859375
2017-07-17,1062.1644287109375,3.5334999561309814,4.0554399490356445,1232.800048828125
2017-07-18,1057.1773681640625,3.5288000106811523,4.048480033874512,1241.0999755859375
2017-07-19,1074.1693115234375,3.5243101119995117,4.070230007171631,1241.199951171875
2017-07-20,1067.350341796875,3.521199941635132,4.058810234069824,1244.800048828125
2017-07-21,1068.42236328125,3.5267999172210693,4.103000164031982,1254.300048828125
2017-07-24,1067.099365234375,3.5315001010894775,4.12677001953125,1253.9000244140625
2017-07-25,1070.4012451171875,3.5559399127960205,4.138659954071045,1251.699951171875
2017-07-26,1072.0562744140625,3.5710999965667725,4.159170150756836,1249.0
2017-07-27,1083.9112548828125,3.534250020980835,4.1478800773620605,1259.5999755859375
2017-07-28,1076.9912109375,3.536520004272461,4.134479999542236,1268.4000244140625
2017-07-31,1075.3082275390625,3.5322999954223633,4.148859977722168,1266.5999755859375
2017-08-01,1061.4683837890625,3.517699956893921,4.158010005950928,1272.5999755859375
2017-08-02,1065.2484130859375,3.5285000801086426,4.168920040130615,1271.800048828125
2017-08-03,1071.5322265625,3.537760019302368,4.196919918060303,1267.800048828125
2017-08-04,1085.447265625,3.539299964904785,4.208079814910889,1258.300048828125
2017-08-07,1097.80517578125,3.5323500633239746,4.160299777984619,1258.199951171875
2017-08-08,1096.3851318359375,3.5286600589752197,4.1638898849487305,1256.4000244140625
2017-08-09,1087.1402587890625,3.530289888381958,4.149569988250732,1273.0
2017-08-10,1077.998291015625,3.5386600494384766,4.1608500480651855,1283.699951171875
2017-08-11,1069.6253662109375,3.5422000885009766,4.170599937438965,1287.699951171875
2017-08-14,1095.3681640625,3.5334999561309814,4.178170204162598,1284.199951171875
2017-08-15,1069.12744140625,3.5253000259399414,4.152289867401123,1273.699951171875
2017-08-16,1068.6143798828125,3.53629994392395,4.150839805603027,1276.9000244140625
2017-08-17,1068.2474365234375,3.516040086746216,4.1438398361206055,1286.4000244140625
2017-08-18,1072.018310546875,3.528899908065796,4.133920192718506,1285.699951171875
2017-08-21,1086.143310546875,3.5164999961853027,4.132750034332275,1290.800048828125
2017-08-22,1085.939208984375,3.4962000846862793,4.128900051116943,1285.0999755859375
2017-08-23,1089.521240234375,3.4958999156951904,4.111269950866699,1288.9000244140625
2017-08-24,1091.533203125,3.4819600582122803,4.118120193481445,1286.5
2017-08-25,1097.545166015625,3.485300064086914,4.111700057983398,1292.5
2017-08-28,1103.3941650390625,3.441699981689453,4.114150047302246,1309.699951171875
2017-08-29,1104.22509765625,3.4558699131011963,4.134190082550049,1313.0999755859375
2017-08-30,,3.448590040206909,4.1346001625061035,1308.0999755859375
2017-08-31,1100.09912109375,3.4551000595092773,4.109389781951904,1316.199951171875
2017-09-01,,3.4506499767303467,4.109799861907959,1324.5
2017-09-04,,3.4283199310302734,4.074049949645996,
2017-09-05,1088.7242431640625,3.4309000968933105,4.081920146942139,1339.199951171875
2017-09-06,1096.1121826171875,3.4367499351501465,4.097799777984619,1333.9000244140625
2017-09-07,1097.4241943359375,3.428679943084717,4.092959880828857,1345.0999755859375
2017-09-08,1084.51123046875,3.402740001678467,4.092850208282471,1346.0
2017-09-11,1094.5740966796875,3.4091999530792236,4.0966901779174805,1331.0
2017-09-12,1091.291259765625,3.411799907684326,4.08119010925293,1328.0
2017-09-13,1081.54931640625,3.4326000213623047,4.10899019241333,1323.4000244140625
2017-09-14,1082.436279296875,3.4584999084472656,4.114220142364502,1324.699951171875
2017-09-15,1077.4112548828125,3.4321000576019287,4.091559886932373,1320.4000244140625
2017-09-18,1065.34033203125,3.4409499168395996,4.108610153198242,1306.300048828125
2017-09-19,1049.17236328125,3.4883999824523926,4.170460224151611,1306.199951171875
2017-09-20,1053.2314453125,3.488149881362915,4.1840500831604,1312.0
2017-09-21,1040.0064697265625,3.5048000812530518,4.161530017852783,1290.5999755859375
2017-09-22,1041.2235107421875,3.50600004196167,4.189809799194336,1293.300048828125
2017-09-25,1022.6965942382812,3.4992001056671143,4.173089981079102,1306.800048828125
2017-09-26,1039.2874755859375,3.5434999465942383,4.200319766998291,1297.0
2017-09-27,1012.1776123046875,3.541640043258667,4.175570011138916,1283.4000244140625
2017-09-28,1026.5054931640625,3.577549934387207,4.207240104675293,1285.5
2017-09-29,1029.071533203125,3.558310031890869,4.191939830780029,1281.5
2017-10-02,1039.301513671875,3.5622000694274902,4.200560092926025,1272.699951171875
2017-10-03,1039.070556640625,3.5671799182891846,4.185369968414307,1271.5
2017-10-04,1045.4735107421875,3.573699951171875,4.197010040283203,1273.699951171875
2017-10-05,1043.3375244140625,3.5732998847961426,4.205830097198486,1269.9000244140625
2017-10-06,1041.3695068359375,3.586899995803833,4.200250148773193,1271.5999755859375
2017-10-09,1012.974609375,3.706700086593628,4.348100185394287,1281.800048828125
2017-10-10,1033.9344482421875,3.7060999870300293,4.352039813995361,1290.5999755859375
2017-10-11,1038.154541015625,3.706820011138916,4.379270076751709,1285.800048828125
2017-10-12,1059.3173828125,3.64451003074646,4.32804012298584,1293.300048828125
2017-10-13,1062.2513427734375,3.6568000316619873,4.328090190887451,1301.5
2017-10-16,1064.7393798828125,3.6377999782562256,4.292369842529297,1299.9000244140625
2017-10-17,1069.9034423828125,3.6454999446868896,4.299099922180176,1283.0
2017-10-18,1069.2584228515625,3.665299892425537,4.315249919891357,1279.9000244140625
2017-10-19,1084.330322265625,3.673190116882324,4.332230091094971,1286.9000244140625
2017-10-20,1084.8812255859375,3.652400016784668,4.326539993286133,1277.4000244140625
2017-10-23,1073.0272216796875,3.688390016555786,4.335249900817871,1277.699951171875
2017-10-24,1072.0572509765625,3.7130000591278076,4.365570068359375,1275.0
2017-10-25,1083.542236328125,3.737370014190674,4.394509792327881,1275.4000244140625
2017-10-26,1073.34228515625,3.7586300373077393,4.4426798820495605,1266.300048828125
2017-10-27,1078.834228515625,3.8183999061584473,4.443510055541992,1268.5
2017-10-30,1084.6622314453125,3.787100076675415,4.393869876861572,1274.0999755859375
2017-10-31,1101.420166015625,3.777250051498413,4.403429985046387,1267.0
2017-11-01,1130.237060546875,3.7873001098632812,4.41349983215332,1274.0999755859375
2017-11-02,1129.9429931640625,3.8111801147460938,4.435259819030762,1274.9000244140625
2017-11-03,1112.922119140625,3.7992000579833984,4.423999786376953,1266.5
2017-11-06,1141.65087890625,3.881200075149536,4.506130218505859,1279.4000244140625
2017-11-07,1122.7130126953125,3.8261499404907227,4.443940162658691,1273.699951171875
2017-11-08,1118.93896484375,3.882930040359497,4.505630016326904,1281.5999755859375
2017-11-09,1102.4591064453125,3.865499973297119,4.483630180358887,1285.5999755859375
2017-11-10,1089.48828125,3.8610498905181885,4.500400066375732,1272.4000244140625
2017-11-13,1088.5902099609375,3.858109951019287,4.501029968261719,1277.300048828125
2017-11-14,1101.4791259765625,3.868499994277954,4.513649940490723,1281.5
2017-11-15,1077.1593017578125,3.886359930038452,4.584290027618408,1276.5
2017-11-16,1069.7613525390625,,,1277.4000244140625
2017-11-17,1062.389404296875,3.8631598949432373,4.549650192260742,1295.800048828125
2017-11-20,1039.113525390625,3.8683300018310547,4.537789821624756,1274.5999755859375
2017-11-21,1052.67236328125,3.9265999794006348,4.609280109405518,1281.0999755859375
2017-11-22,1059.63037109375,3.960400104522705,4.648169994354248,1291.5999755859375
2017-11-23,1050.25537109375,3.9177000522613525,4.627999782562256,
2017-11-24,1045.3885498046875,3.921299934387207,4.647079944610596,1286.699951171875
2017-11-27,1047.5914306640625,3.950700044631958,4.70911979675293,1293.800048828125
2017-11-28,1020.674560546875,3.905100107192993,4.649489879608154,1294.699951171875
2017-11-29,1023.41259765625,3.9644999504089355,4.6980299949646,1282.0999755859375
2017-11-30,1039.8385009765625,3.956049919128418,4.688429832458496,1273.199951171875
2017-12-01,1035.58447265625,3.916440010070801,4.659249782562256,1278.800048828125
2017-12-04,1052.1434326171875,3.9244000911712646,4.652719974517822,1274.300048828125
2017-12-05,1062.5943603515625,3.8749001026153564,4.599309921264648,1261.5999755859375
2017-12-06,1053.0333251953125,3.8415000438690186,4.545179843902588,1262.800048828125
2017-12-07,1064.4693603515625,3.850100040435791,4.544769763946533,1249.800048828125
2017-12-08,1079.207275390625,3.8650500774383545,4.549739837646484,1245.199951171875
2017-12-11,1091.5592041015625,3.837100028991699,4.514289855957031,1243.699951171875
2017-12-12,1090.4892578125,3.8310699462890625,4.511579990386963,1238.5
2017-12-13,1081.5262451171875,3.8457999229431152,4.515649795532227,1245.4000244140625
2017-12-14,1096.6580810546875,3.8129000663757324,4.517210006713867,1253.800048828125
2017-12-15,1093.296142578125,3.884200096130371,4.571569919586182,1254.300048828125
2017-12-18,1102.47314453125,3.8559000492095947,4.5272698402404785,1262.199951171875
2017-12-19,1101.76513671875,3.8287599086761475,4.512829780578613,1260.699951171875
2017-12-20,1104.5411376953125,3.8315999507904053,4.536530017852783,1266.0999755859375
2017-12-21,1112.714111328125,3.8216500282287598,4.539130210876465,1267.300048828125
2017-12-22,1110.9891357421875,3.8176000118255615,4.526450157165527,1275.4000244140625
2017-12-25,,3.8097000122070312,4.513599872589111,
2017-12-26,1120.06103515625,3.8064000606536865,4.518089771270752,1284.0999755859375
2017-12-27,1121.490966796875,3.8070199489593506,4.514170169830322,1287.0
2017-12-28,1144.7989501953125,3.8148999214172363,4.538400173187256,1294.0999755859375
2017-12-29,1153.3238525390625,3.776859998703003,4.510359764099121,1306.300048828125
2018-01-01,,3.7948999404907227,4.5237298011779785,
2018-01-02,1175.2357177734375,3.791100025177002,4.5521697998046875,1313.699951171875
2018-01-03,1160.515869140625,3.7655999660491943,4.543069839477539,1316.199951171875
2018-01-04,1154.9058837890625,3.780600070953369,4.540380001068115,1319.4000244140625
2018-01-05,1166.372802734375,3.750269889831543,4.525619983673096,1320.300048828125
2018-01-08,1163.038818359375,3.7323501110076904,4.4942498207092285,1318.5999755859375
2018-01-09,1150.221923828125,3.7439000606536865,4.479939937591553,1311.699951171875
2018-01-10,1135.8890380859375,3.7684199810028076,4.496300220489502,1317.4000244140625
2018-01-11,1147.181884765625,3.7987000942230225,4.543039798736572,1320.5999755859375
2018-01-12,1146.43994140625,3.773550033569336,4.543059825897217,1333.4000244140625
2018-01-15,1121.5860595703125,3.7515599727630615,4.576819896697998,
2018-01-16,1144.1778564453125,3.7999699115753174,4.662789821624756,1335.4000244140625
2018-01-17,1165.9188232421875,3.7986700534820557,4.663149833679199,1338.0
2018-01-18,1168.5538330078125,3.8151700496673584,4.648099899291992,1326.0
2018-01-19,1151.46484375,3.7654800415039062,4.609580039978027,1331.9000244140625
2018-01-22,1172.3487548828125,3.823230028152466,4.686890125274658,1330.9000244140625
2018-01-23,1183.9947509765625,3.7764999866485596,4.629169940948486,1335.699951171875
2018-01-24,1196.4776611328125,3.768199920654297,4.6396098136901855,1355.9000244140625
2018-01-25,1186.03466796875,3.7493999004364014,4.6457600593566895,1362.4000244140625
2018-01-26,1207.0126953125,3.7596800327301025,4.657939910888672,1351.5999755859375
2018-01-29,1208.446533203125,3.7499799728393555,4.661449909210205,
2018-01-30,1193.024658203125,3.786400079727173,4.6885199546813965,1335.4000244140625
2018-01-31,1195.2816162109375,3.7757198810577393,4.687320232391357,1339.0
2018-02-01,1190.4376220703125,3.7562999725341797,4.6686201095581055,1344.300048828125
2018-02-02,1181.187744140625,3.7337000370025635,4.670360088348389,1333.699951171875
2018-02-05,1168.520751953125,3.771899938583374,4.694960117340088,1333.0
2018-02-06,1154.56689453125,3.7867000102996826,4.68310022354126,1326.0999755859375
2018-02-07,1155.6959228515625,3.764709949493408,4.6628899574279785,1311.5999755859375
2018-02-08,1142.62890625,3.802500009536743,4.664649963378906,1316.9000244140625
2018-02-09,1135.89697265625,3.822619915008545,4.6857099533081055,1313.0999755859375
2018-02-12,1148.2098388671875,3.8167500495910645,4.676239967346191,1324.199951171875
2018-02-13,1144.9388427734375,3.7976601123809814,4.671450138092041,1328.0999755859375
2018-02-14,1134.5440673828125,3.804800033569336,4.701769828796387,1355.5
2018-02-15,1162.249755859375,3.7797300815582275,4.711679935455322,1352.0999755859375
2018-02-16,1165.103759765625,3.7646000385284424,4.706570148468018,1353.199951171875
2018-02-19,1158.8138427734375,3.74685001373291,4.650279998779297,
2018-02-20,1134.322998046875,3.7581899166107178,4.659140110015869,1328.800048828125
2018-02-21,1163.15380859375,3.797800064086914,4.684269905090332,1330.0
2018-02-22,1168.40283203125,3.7918601036071777,4.655980110168457,1330.5999755859375
2018-02-23,1175.208740234375,3.782399892807007,4.663730144500732,1328.199951171875
2018-02-26,1187.91259765625,3.787839889526367,4.653930187225342,1330.699951171875
2018-02-27,1188.3096923828125,3.7850899696350098,4.66126012802124,1315.5
2018-02-28,1189.501708984375,3.815200090408325,4.666769981384277,1315.5
2018-03-01,1176.3148193359375,3.8029000759124756,4.632410049438477,1302.9000244140625
2018-03-02,1168.5858154296875,3.8076999187469482,4.675290107727051,1321.0999755859375
2018-03-05,1169.455810546875,3.8101000785827637,4.691120147705078,1318.0999755859375
2018-03-06,1167.0927734375,3.8106000423431396,4.700409889221191,1333.5999755859375
2018-03-07,1168.417724609375,3.798799991607666,4.715479850769043,1326.0
2018-03-08,1165.664794921875,3.8062899112701416,4.724339962005615,1319.9000244140625
2018-03-09,1169.1387939453125,3.823499917984009,4.706399917602539,1322.4000244140625
2018-03-12,1184.1077880859375,3.812000036239624,4.6923699378967285,1319.4000244140625
2018-03-13,1182.6627197265625,3.8427000045776367,4.741489887237549,1325.9000244140625
2018-03-14,1175.9207763671875,3.8698999881744385,4.79571008682251,1324.4000244140625
2018-03-15,1172.0087890625,3.8803000450134277,4.801980018615723,1316.800048828125
2018-03-16,1172.15673828125,3.8935399055480957,4.791399955749512,1311.300048828125
2018-03-19,1154.4969482421875,3.918299913406372,4.81220006942749,1316.800048828125
2018-03-20,1164.311767578125,3.9432899951934814,4.864419937133789,1311.0999755859375
2018-03-21,1176.5067138671875,3.932149887084961,4.816979885101318,1320.699951171875
2018-03-22,1171.0968017578125,3.9087700843811035,4.830420017242432,1326.5999755859375
2018-03-23,1166.021728515625,3.9738800525665283,4.89749002456665,1349.300048828125
2018-03-26,1164.19677734375,3.9814000129699707,4.917809963226318,1354.4000244140625
2018-03-27,1161.9588623046875,3.9655001163482666,4.9397101402282715,1341.300048828125
2018-03-28,1141.286865234375,3.979180097579956,4.937049865722656,1324.199951171875
2018-03-29,1148.43994140625,4.013299942016602,4.93917989730835,1322.800048828125
2018-03-30,1149.2958984375,3.9449000358581543,4.851840019226074,
2018-04-02,1144.4149169921875,3.9518399238586426,4.867680072784424,1342.0999755859375
2018-04-03,1145.9349365234375,3.977099895477295,4.8901801109313965,1332.800048828125
2018-04-04,1139.7498779296875,3.9893500804901123,4.8979997634887695,1335.800048828125
2018-04-05,1149.4698486328125,3.999109983444214,4.912960052490234,1324.300048828125
2018-04-06,1147.368896484375,4.03941011428833,4.950550079345703,1331.9000244140625
2018-04-09,1131.5550537109375,4.047100067138672,4.96697998046875,1336.300048828125
2018-04-10,1107.12109375,4.075500011444092,5.021450042724609,1342.0
2018-04-11,1092.5262451171875,4.1095499992370605,5.081329822540283,1356.5
2018-04-12,1102.34814453125,4.1407999992370605,5.12667989730835,1338.4000244140625
2018-04-13,1096.0341796875,4.114019870758057,5.072179794311523,1344.800048828125
2018-04-16,1106.87109375,4.090789794921875,5.047810077667236,1347.5
2018-04-17,1087.4422607421875,4.0929999351501465,5.071800231933594,1347.199951171875
2018-04-18,1120.9840087890625,4.093090057373047,5.065730094909668,1351.199951171875
2018-04-19,1121.216064453125,4.017000198364258,4.978529930114746,1346.800048828125
2018-04-20,1109.319091796875,4.045820236206055,4.994659900665283,1336.699951171875
2018-04-23,,4.078499794006348,5.007050037384033,1322.5
2018-04-24,1100.5802001953125,4.107699871063232,5.016389846801758,1331.4000244140625
2018-04-25,1074.00830078125,4.086480140686035,5.001739978790283,1321.199951171875
2018-04-26,1070.145263671875,4.081099987030029,4.971560001373291,1316.300048828125
2018-04-27,1076.13720703125,4.0658698081970215,4.9238600730896,1320.300048828125
2018-04-30,1042.822509765625,4.051660060882568,4.911970138549805,1316.199951171875
2018-05-01,,4.056650161743164,4.903500080108643,1303.800048828125
2018-05-02,1047.2513427734375,4.109000205993652,4.924230098724365,1302.5999755859375
2018-05-03,1029.08544921875,4.182720184326172,4.998079776763916,1310.699951171875
2018-05-04,1025.9864501953125,4.223189830780029,5.063119888305664,1312.699951171875
2018-05-07,1008.6566162109375,4.241680145263672,5.070590019226074,1312.199951171875
2018-05-08,993.6327514648438,4.26639986038208,5.090419769287109,1312.0
2018-05-09,1007.8006591796875,4.349599838256836,5.161759853363037,1311.300048828125
2018-05-10,1023.8015747070312,4.28439998626709,5.083950042724609,1320.800048828125
2018-05-11,1018.5195922851562,4.238140106201172,5.051089763641357,1319.0
2018-05-14,1033.698486328125,4.314199924468994,5.153389930725098,1316.5
2018-05-15,1015.3986206054688,4.350800037384033,5.191800117492676,1288.9000244140625
2018-05-16,1021.5735473632812,4.453800201416016,5.263239860534668,1290.199951171875
2018-05-17,1018.6885375976562,4.428899765014648,5.237279891967773,1288.199951171875
2018-05-18,1024.0975341796875,4.461299896240234,5.25901985168457,1290.199951171875
2018-05-21,1022.5715942382812,4.493239879608154,5.289740085601807,1290.199951171875
2018-05-22,1033.271484375,4.577970027923584,5.399909973144531,1291.699951171875
2018-05-23,1018.9115600585938,4.734499931335449,5.5822601318359375,1289.300048828125
2018-05-24,1011.3756103515625,4.572199821472168,5.354700088500977,1303.699951171875
2018-05-25,1031.9954833984375,4.756100177764893,5.573379993438721,1303.300048828125
2018-05-28,1065.2474365234375,4.703100204467773,5.490779876708984,
2018-05-29,1051.12841796875,4.582300186157227,5.326350212097168,1298.699951171875
2018-05-30,1038.6844482421875,4.5601701736450195,5.262919902801514,1301.5
2018-05-31,1006.5177001953125,4.468599796295166,5.210050106048584,1300.0999755859375
2018-06-01,991.7067260742188,4.527910232543945,5.294260025024414,1294.800048828125
2018-06-04,992.4927368164062,4.646500110626221,5.418429851531982,1293.0999755859375
2018-06-05,978.226806640625,4.585000038146973,5.365970134735107,1297.5
2018-06-06,966.5718994140625,4.594900131225586,5.386499881744385,1297.0999755859375
2018-06-07,986.2317504882812,4.559999942779541,5.378600120544434,1298.699951171875
2018-06-08,958.751953125,4.480299949645996,5.278600215911865,1298.0999755859375
2018-06-11,966.60888671875,4.472499847412109,5.264220237731934,1298.9000244140625
2018-06-12,953.06494140625,4.520999908447266,5.322710037231445,1295.0999755859375
2018-06-13,935.0430297851562,4.586900234222412,5.389900207519531,1296.9000244140625
2018-06-14,945.4030151367188,4.662799835205078,5.503389835357666,1304.0
2018-06-15,,4.739590167999268,5.481959819793701,1274.5999755859375
2018-06-18,930.4280395507812,4.740499973297119,5.4882001876831055,1276.199951171875
2018-06-19,944.364013671875,4.706999778747559,5.474510192871094,1275.5999755859375
2018-06-20,945.5139770507812,4.743599891662598,5.492459774017334,1271.199951171875
2018-06-21,950.5669555664062,4.743100166320801,5.49606990814209,1267.199951171875
2018-06-22,958.5159301757812,4.735099792480469,5.4959797859191895,1267.4000244140625
2018-06-25,940.0780029296875,4.606969833374023,5.3766398429870605,1265.5999755859375
2018-06-26,944.0769653320312,4.686999797821045,5.483530044555664,1256.5999755859375
2018-06-27,959.5429077148438,4.613999843597412,5.372039794921875,1252.800048828125
2018-06-28,962.264892578125,4.621300220489502,5.346159934997559,1247.800048828125
2018-06-29,965.1958618164062,4.5904998779296875,5.307469844818115,1251.300048828125
2018-07-02,967.7298583984375,4.589890003204346,5.368840217590332,1239.800048828125
2018-07-03,965.8768920898438,4.616099834442139,5.371490001678467,1251.5999755859375
2018-07-04,972.2958374023438,4.675099849700928,5.448740005493164,
2018-07-05,990.9647216796875,4.669589996337891,5.451900005340576,1257.300048828125
2018-07-06,987.333740234375,4.604269981384277,5.384510040283203,1254.300048828125
2018-07-09,992.5227661132812,4.578800201416016,5.379749774932861,1258.0999755859375
2018-07-10,962.7418823242188,4.712470054626465,5.539979934692383,1253.800048828125
2018-07-11,912.8901977539062,4.714700222015381,5.5277299880981445,1242.800048828125
2018-07-12,895.708251953125,4.889969825744629,5.715569972991943,1245.0
2018-07-13,898.9722290039062,4.867599964141846,5.678309917449951,1239.5999755859375
2018-07-16,897.4352416992188,4.854949951171875,5.6697998046875,1238.0999755859375
2018-07-17,916.2911376953125,4.852910041809082,5.682179927825928,1225.699951171875
2018-07-18,923.215087890625,4.800300121307373,5.593470096588135,1226.300048828125
2018-07-19,930.0240478515625,4.796090126037598,5.585000038146973,1222.4000244140625
2018-07-20,940.8179931640625,4.801030158996582,5.602260112762451,1229.5
2018-07-23,953.0469360351562,4.777910232543945,5.610219955444336,1224.0
2018-07-24,921.3331298828125,4.7368998527526855,5.538949966430664,1223.9000244140625
2018-07-25,953.680908203125,4.881100177764893,5.702310085296631,1231.4000244140625
2018-07-26,948.16796875,4.796599864959717,5.628680229187012,1225.300048828125
2018-07-27,955.8429565429688,4.869939804077148,5.668690204620361,1222.5999755859375
2018-07-30,961.5718994140625,4.851329803466797,5.659939765930176,1221.300048828125
2018-07-31,969.516845703125,4.882780075073242,5.718760013580322,1223.699951171875
2018-08-01,972.1008911132812,4.917900085449219,5.748350143432617,1217.9000244140625
2018-08-02,945.427978515625,4.981249809265137,5.818540096282959,1210.5999755859375
2018-08-03,956.0999145507812,5.091599941253662,5.897540092468262,1214.199951171875
2018-08-06,941.7349853515625,5.10099983215332,5.8948798179626465,1208.5999755859375
2018-08-07,961.6048583984375,5.261499881744385,6.08144998550415,1209.5999755859375
2018-08-08,969.73388671875,5.2591400146484375,6.104219913482666,1212.5999755859375
2018-08-09,971.8458862304688,5.308899879455566,6.169010162353516,1211.9000244140625
2018-08-10,949.3909301757812,5.552000045776367,6.4028401374816895,1211.0999755859375
2018-08-13,926.841064453125,6.817800045013428,7.74105978012085,1191.300048828125
2018-08-14,934.1820678710938,6.9532999992370605,7.917300224304199,1193.0
2018-08-15,902.625244140625,6.374899864196777,7.1973700523376465,1177.5
2018-08-16,871.4273681640625,5.956989765167236,6.759500026702881,1176.199951171875
2018-08-17,887.3433227539062,5.85099983215332,6.655700206756592,1176.5
2018-08-20,901.855224609375,6.007999897003174,6.861259937286377,1186.800048828125
2018-08-21,,6.098499774932861,6.994629859924316,1192.5999755859375
2018-08-22,,6.079699993133545,7.027770042419434,1196.300048828125
2018-08-23,,6.0279998779296875,6.977829933166504,1187.0
2018-08-24,,6.093800067901611,7.020770072937012,1206.300048828125
2018-08-27,912.835205078125,5.980720043182373,6.9664998054504395,1209.0
2018-08-28,938.6640014648438,6.1552300453186035,7.191090106964111,1207.4000244140625
2018-08-29,932.8020629882812,6.26609992980957,7.326210021972656,1204.5
2018-08-30,,6.473400115966797,7.567150115966797,1197.699951171875
2018-08-31,927.2290649414062,6.734099864959717,7.853859901428223,1200.300048828125
2018-09-03,939.1510009765625,6.583799839019775,7.638430118560791,
2018-09-04,931.8880615234375,6.633699893951416,7.682199954986572,1192.699951171875
2018-09-05,927.905029296875,6.666200160980225,7.709010124206543,1194.9000244140625
2018-09-06,927.6280517578125,6.5808000564575195,7.657299995422363,1197.9000244140625
2018-09-07,932.737060546875,6.583700180053711,7.642419815063477,1193.5999755859375
2018-09-10,916.9780883789062,6.4217000007629395,7.422359943389893,1193.0
2018-09-11,923.8861083984375,6.468299865722656,7.498559951782227,1195.4000244140625
2018-09-12,922.2691040039062,6.434360027313232,7.468500137329102,1204.699951171875
2018-09-13,944.18701171875,6.348199844360352,7.389969825744629,1202.0
2018-09-14,947.5910034179688,6.128699779510498,7.170760154724121,1195.0
2018-09-17,943.4719848632812,6.161399841308594,7.160610198974609,1199.699951171875
2018-09-18,948.864013671875,6.323299884796143,7.380899906158447,1196.800048828125
2018-09-19,966.0328979492188,6.39870023727417,7.467870235443115,1202.199951171875
2018-09-20,961.2058715820312,6.247379779815674,7.300300121307373,1206.199951171875
2018-09-21,979.8768310546875,6.221399784088135,7.32289981842041,1196.199951171875
2018-09-24,995.4686889648438,6.300930023193359,7.40762996673584,1199.300048828125
2018-09-25,992.9197387695312,6.153299808502197,7.232069969177246,1200.0
2018-09-26,991.4837646484375,6.191999912261963,7.2815399169921875,1194.0
2018-09-27,1002.981689453125,6.107500076293945,7.1662797927856445,1182.300048828125
2018-09-28,999.5636596679688,6.00570011138916,6.983439922332764,1191.5
2018-10-01,985.3667602539062,6.044000148773193,7.0181498527526855,1187.0999755859375
2018-10-02,981.601806640625,5.937600135803223,6.873600006103516,1202.4000244140625
2018-10-03,971.8739013671875,5.987820148468018,6.918399810791016,1198.300048828125
2018-10-04,944.9630126953125,6.0517802238464355,6.943059921264648,1197.199951171875
2018-10-05,948.8300170898438,6.185500144958496,7.120830059051514,1201.199951171875
2018-10-08,960.8678588867188,6.163899898529053,7.107170104980469,1184.4000244140625
2018-10-09,967.3128662109375,6.1178998947143555,7.03125,1187.199951171875
2018-10-10,944.4019775390625,6.105199813842773,7.020699977874756,1189.300048828125
2018-10-11,947.469970703125,6.0802998542785645,7.007440090179443,1223.5
2018-10-12,966.56884765625,5.917479991912842,6.861420154571533,1218.0999755859375
2018-10-15,986.3077392578125,5.879899978637695,6.798669815063477,1226.4000244140625
2018-10-16,984.6587524414062,5.780200004577637,6.695230007171631,1227.300048828125
2018-10-17,989.9047241210938,5.6915998458862305,6.585319995880127,1223.699951171875
2018-10-18,974.5347900390625,5.587490081787109,6.425670146942139,1226.5
2018-10-19,964.5408935546875,5.6356000900268555,6.449269771575928,1225.300048828125
2018-10-22,946.81201171875,5.650700092315674,6.500669956207275,1221.199951171875
2018-10-23,934.68505859375,5.665900230407715,6.491399765014648,1233.4000244140625
2018-10-24,926.9170532226562,5.747220039367676,6.595849990844727,1227.800048828125
2018-10-25,937.4720458984375,5.700769901275635,6.498079776763916,1229.0999755859375
2018-10-26,905.41015625,5.6356000900268555,6.403900146484375,1232.5
2018-10-29,,5.589399814605713,6.3668599128723145,1224.5
2018-10-30,899.9942626953125,5.559619903564453,6.319839954376221,1222.5999755859375
2018-10-31,902.0022583007812,5.480899810791016,6.208199977874756,1212.300048828125
2018-11-01,923.869140625,5.584000110626221,6.314050197601318,1236.0
2018-11-02,941.2249755859375,5.524799823760986,6.294010162353516,1230.9000244140625
2018-11-05,959.471923828125,5.431000232696533,6.182400226593018,1229.800048828125
2018-11-06,947.27197265625,5.320099830627441,6.063930034637451,1223.800048828125
2018-11-07,954.9279174804688,5.361199855804443,6.1265997886657715,1226.199951171875
2018-11-08,935.0570678710938,5.36359977722168,6.132199764251709,1222.9000244140625
2018-11-09,928.3870849609375,5.457039833068848,6.202250003814697,1206.4000244140625
2018-11-12,914.4481811523438,5.460820198059082,6.183889865875244,1201.300048828125
2018-11-13,927.0810546875,5.471799850463867,6.136720180511475,1199.199951171875
2018-11-14,932.8670654296875,5.478000164031982,6.189839839935303,1207.9000244140625
2018-11-15,932.9630737304688,5.45697021484375,6.172379970550537,1212.800048828125
2018-11-16,936.1600341796875,5.393899917602539,6.103229999542236,1220.800048828125
2018-11-19,945.7039794921875,5.337699890136719,6.084090232849121,1223.0999755859375
2018-11-20,916.859130859375,5.311999797821045,6.077300071716309,1219.0
2018-11-21,927.0750732421875,5.382500171661377,6.12060022354126,1225.800048828125
2018-11-22,926.2830810546875,5.3130202293396,6.050250053405762,
2018-11-23,930.028076171875,5.298500061035156,6.03508996963501,1221.0
2018-11-26,939.6190185546875,5.291460037231445,6.000160217285156,1220.199951171875
2018-11-27,935.1650390625,5.244840145111084,5.943819999694824,1211.199951171875
2018-11-28,940.7050170898438,5.26200008392334,5.937769889831543,1221.4000244140625
2018-11-29,951.2509155273438,5.218999862670898,5.93310022354126,1224.0999755859375
2018-11-30,954.1549072265625,5.170199871063232,5.8861799240112305,1220.199951171875
2018-12-03,949.7399291992188,5.190209865570068,5.886419773101807,1233.9000244140625
2018-12-04,938.7999877929688,5.250800132751465,5.9526801109313965,1241.0999755859375
2018-12-05,939.697021484375,5.382629871368408,6.105090141296387,
2018-12-06,928.26806640625,5.326700210571289,6.039219856262207,1238.0999755859375
2018-12-07,936.9900512695312,5.3379998207092285,6.067560195922852,1246.800048828125
2018-12-10,922.2681274414062,5.322400093078613,6.0620598793029785,1243.699951171875
2018-12-11,918.0040893554688,5.3282999992370605,6.0472798347473145,1241.9000244140625
2018-12-12,900.5062255859375,5.360199928283691,6.064310073852539,1244.4000244140625
2018-12-13,913.8601684570312,5.34689998626709,6.075590133666992,1242.699951171875
2018-12-14,905.2811889648438,5.341670036315918,6.069580078125,1237.0
2018-12-17,899.6142578125,5.367700099945068,6.068130016326904,1247.4000244140625
2018-12-18,910.7362060546875,5.373000144958496,6.097899913787842,1249.199951171875
2018-12-19,925.5220947265625,5.336080074310303,6.069630146026611,1252.0999755859375
2018-12-20,918.5361328125,5.297699928283691,6.031799793243408,1263.5999755859375
2018-12-21,918.6030883789062,5.264200210571289,6.02377986907959,1253.800048828125
2018-12-24,915.2640991210938,5.310989856719971,6.03971004486084,1267.5
2018-12-25,,5.289400100708008,6.0131001472473145,
2018-12-26,910.0171508789062,5.284299850463867,6.025469779968262,1269.199951171875
2018-12-27,909.7431640625,5.2741498947143555,5.9917497634887695,1277.300048828125
2018-12-28,904.3482055664062,5.293379783630371,6.050389766693115,1279.9000244140625
2018-12-31,912.7001953125,5.274280071258545,6.034749984741211,1278.300048828125
2019-01-01,,5.269999980926514,6.046939849853516,
2019-01-02,888.6453247070312,5.288700103759766,6.057069778442383,1281.0
2019-01-03,873.9853515625,5.5152997970581055,6.2140398025512695,1291.800048828125
2019-01-04,888.3032836914062,5.4721999168396,6.226480007171631,1282.699951171875
2019-01-07,899.5062255859375,5.327000141143799,6.0700201988220215,1286.800048828125
2019-01-08,906.9651489257812,5.383800029754639,6.176159858703613,1283.199951171875
2019-01-09,911.5641479492188,5.482500076293945,6.273489952087402,1289.300048828125
2019-01-10,911.9581909179688,5.475599765777588,6.321310043334961,1284.699951171875
2019-01-11,916.8651123046875,5.42441987991333,6.241829872131348,1287.0999755859375
2019-01-14,920.5331420898438,5.480800151824951,6.276000022888184,1289.0999755859375
2019-01-15,931.72802734375,5.460700035095215,6.264699935913086,1286.199951171875
2019-01-16,954.1099243164062,5.446599960327148,6.211480140686035,1291.5999755859375
2019-01-17,968.1688842773438,5.335669994354248,6.081210136413574,1291.0
2019-01-18,984.5437622070312,5.352700233459473,6.097529888153076,1281.300048828125
2019-01-21,979.5468139648438,5.327400207519531,6.0517401695251465,
2019-01-22,996.7656860351562,5.325799942016602,6.057380199432373,1282.5
2019-01-23,1001.4046630859375,5.3394999504089355,6.068299770355225,1283.0999755859375
2019-01-24,1017.7376098632812,5.2881999015808105,6.016059875488281,1279.0999755859375
2019-01-25,1018.0086059570312,5.268899917602539,5.9515299797058105,1297.4000244140625
2019-01-28,1012.8926391601562,5.268899917602539,6.010149955749512,1302.4000244140625
2019-01-29,1040.978515625,5.32289981842041,6.08066987991333,1308.199951171875
2019-01-30,1041.8895263671875,5.3084001541137695,6.0664801597595215,1309.9000244140625
2019-01-31,1040.7364501953125,5.227409839630127,6.006700038909912,1319.699951171875
2019-02-01,1029.365478515625,5.180200099945068,5.9258599281311035,1316.9000244140625
2019-02-04,1022.5445556640625,5.211939811706543,5.9699602127075195,1314.300048828125
2019-02-05,1024.478515625,5.210840225219727,5.962309837341309,1314.199951171875
2019-02-06,1025.8375244140625,5.196979999542236,5.928760051727295,1309.5
2019-02-07,1027.83447265625,5.218989849090576,5.94120979309082,1309.4000244140625
2019-02-08,1024.511474609375,5.271190166473389,5.975769996643066,1313.699951171875
2019-02-11,1043.9415283203125,5.250800132751465,5.944079875946045,1307.0
2019-02-12,1037.6195068359375,5.272799968719482,5.9475998878479,1309.199951171875
2019-02-13,1016.45263671875,5.251609802246094,5.951479911804199,1310.800048828125
2019-02-14,1021.2945556640625,5.287499904632568,5.954500198364258,1309.800048828125
2019-02-15,1027.14453125,5.275899887084961,5.955939769744873,1318.0999755859375
2019-02-18,1017.2796020507812,5.286600112915039,5.965549945831299,
2019-02-19,1017.4156494140625,5.298999786376953,5.989850044250488,1340.0999755859375
2019-02-20,1019.7075805664062,5.282529830932617,5.994100093841553,1343.300048828125
2019-02-21,1024.9344482421875,5.323050022125244,6.039269924163818,1323.5
2019-02-22,1031.8515625,5.31879997253418,6.031310081481934,1329.199951171875
2019-02-25,1043.2955322265625,5.319399833679199,6.0318098068237305,1325.9000244140625
2019-02-26,1050.8173828125,5.302800178527832,6.026370048522949,1325.0999755859375
2019-02-27,1041.404541015625,5.303800106048584,6.0387701988220215,1317.699951171875
2019-02-28,1045.29345703125,5.309370040893555,6.041800022125244,1312.800048828125
2019-03-01,1032.6605224609375,5.341780185699463,6.074240207672119,1296.4000244140625
2019-03-04,1041.927490234375,5.371600151062012,6.108870029449463,1284.800048828125
2019-03-05,1037.300537109375,5.389009952545166,6.107029914855957,1282.0
2019-03-06,1034.5235595703125,5.386600017547607,6.087130069732666,1284.9000244140625
2019-03-07,1022.8215942382812,5.431300163269043,6.144969940185547,1283.800048828125
2019-03-08,1015.3776245117188,5.459799766540527,6.111460208892822,1297.0
2019-03-11,1008.4986572265625,5.432240009307861,6.101319789886475,1288.800048828125
2019-03-12,1017.2056274414062,5.4355998039245605,6.116950035095215,1296.300048828125
2019-03-13,1021.9605712890625,5.456200122833252,6.155640125274658,1307.5
2019-03-14,1024.3175048828125,5.46028995513916,6.196509838104248,1293.4000244140625
2019-03-15,1033.0355224609375,5.470300197601318,6.181990146636963,1301.800048828125
2019-03-18,1045.9415283203125,5.447279930114746,6.165780067443848,1300.300048828125
2019-03-19,1048.6103515625,5.468100070953369,6.196119785308838,1305.0
2019-03-20,1033.0965576171875,5.474999904632568,6.2140398025512695,1300.5
2019-03-21,1034.072509765625,5.4278998374938965,6.200290203094482,1306.0999755859375
2019-03-22,998.3477172851562,5.464280128479004,6.215129852294922,1311.5999755859375
2019-03-25,993.2537231445312,5.676819801330566,6.412129878997803,1321.9000244140625
2019-03-26,973.7808227539062,5.5596699714660645,6.2906599044799805,1314.300048828125
2019-03-27,918.546142578125,5.3653998374938965,6.046870231628418,1309.9000244140625
2019-03-28,921.1981201171875,5.394700050354004,6.030910015106201,1289.800048828125
2019-03-29,937.8369750976562,5.571700096130371,6.253699779510498,1293.0
2019-04-01,941.0079956054688,5.591710090637207,6.2763800621032715,1288.4000244140625
2019-04-02,935.3260498046875,5.515399932861328,6.15841007232666,1290.0
2019-04-03,944.406005859375,5.615600109100342,6.292200088500977,1289.9000244140625
2019-04-04,983.3638305664062,5.622700214385986,6.319240093231201,1289.0
2019-04-05,987.8287353515625,5.605400085449219,6.287189960479736,1290.4000244140625
2019-04-08,969.7778930664062,5.6381001472473145,6.315529823303223,1297.0999755859375
2019-04-09,981.3478393554688,5.691400051116943,6.402740001678467,1303.5
2019-04-10,970.1448974609375,5.681950092315674,6.399740219116211,1309.0999755859375
2019-04-11,960.724853515625,5.682700157165527,6.403940200805664,1288.5999755859375
2019-04-12,959.762939453125,5.732089996337891,6.454329967498779,1290.5999755859375
2019-04-15,951.9119262695312,5.78410005569458,6.534669876098633,1286.800048828125
2019-04-16,968.0848999023438,5.804200172424316,6.55633020401001,1272.5999755859375
2019-04-17,982.0267944335938,5.787909984588623,6.529560089111328,1272.199951171875
2019-04-18,968.85986328125,5.758800029754639,6.500400066375732,1271.9000244140625
2019-04-19,968.60888671875,5.819900035858154,6.548709869384766,
2019-04-22,959.52294921875,5.825399875640869,6.547100067138672,1273.5
2019-04-23,,5.827199935913086,6.559629917144775,1269.300048828125
2019-04-24,961.4168701171875,5.834000110626221,6.547939777374268,1275.5
2019-04-25,944.97998046875,5.885499954223633,6.563690185546875,1275.800048828125
2019-04-26,947.8259887695312,5.958499908447266,6.636710166931152,1284.9000244140625
2019-04-29,945.3460083007812,5.944699764251709,6.629960060119629,1278.5999755859375
2019-04-30,954.1509399414062,5.94890022277832,6.655600070953369,1282.800048828125
2019-05-01,,5.965000152587891,6.689599990844727,1281.4000244140625
2019-05-02,941.7890014648438,5.962100028991699,6.675600051879883,1269.699951171875
2019-05-03,939.4559936523438,5.964799880981445,6.665800094604492,1279.199951171875
2019-05-06,929.8180541992188,5.981729984283447,6.690509796142578,1281.699951171875
2019-05-07,914.8201293945312,6.085549831390381,6.816359996795654,1283.5
2019-05-08,902.7172241210938,6.1570000648498535,6.886350154876709,1279.4000244140625
2019-05-09,886.8543090820312,6.160900115966797,6.896009922027588,1283.5
2019-05-10,885.3292846679688,6.1596999168396,6.9078898429870605,1285.699951171875
2019-05-13,862.8204345703125,5.992499828338623,6.729420185089111,1300.0999755859375
2019-05-14,880.2243041992188,6.095099925994873,6.842199802398682,1294.699951171875
2019-05-15,873.7993774414062,6.035900115966797,6.752470016479492,1296.300048828125
2019-05-16,872.0343627929688,6.0142998695373535,6.737520217895508,1285.0
2019-05-17,867.9564208984375,6.054800033569336,6.763000011444092,1274.5
2019-05-20,867.71044921875,6.060800075531006,6.7659502029418945,1276.0999755859375
2019-05-21,853.0914916992188,6.0254998207092285,6.724999904632568,1272.0
2019-05-22,836.74853515625,,6.7678399085998535,1273.5999755859375
2019-05-23,845.9574584960938,6.121200084686279,6.824979782104492,1284.800048828125
2019-05-24,860.7184448242188,6.117300033569336,6.839290142059326,1283.0
2019-05-27,855.449462890625,6.078100204467773,6.807429790496826,
2019-05-28,867.7714233398438,6.065700054168701,6.790949821472168,1276.5
2019-05-29,871.8583374023438,6.029620170593262,6.736480236053467,1280.5999755859375
2019-05-30,900.1112670898438,6.016600131988525,6.700329780578613,1287.0999755859375
2019-05-31,905.8921508789062,5.912499904632568,6.5782599449157715,1305.800048828125
2019-06-03,903.451171875,5.864099979400635,6.5510101318359375,1322.699951171875
2019-06-04,,5.83489990234375,6.559599876403809,1323.4000244140625
2019-06-05,,5.774720191955566,6.497230052947998,1328.300048828125
2019-06-06,,5.717870235443115,6.420139789581299,1337.5999755859375
2019-06-07,938.0859985351562,5.791399955749512,6.526209831237793,1341.199951171875
2019-06-10,941.0260009765625,5.841800212860107,6.610050201416016,1324.699951171875
2019-06-11,928.2510375976562,5.791299819946289,6.552490234375,1326.4000244140625
2019-06-12,926.0531005859375,5.804500102996826,6.572889804840088,1331.9000244140625
2019-06-13,905.0101928710938,5.81279993057251,6.5613298416137695,1339.199951171875
2019-06-14,907.8651733398438,5.875899791717529,6.625349998474121,1340.0999755859375
2019-06-17,922.4931030273438,5.915999889373779,6.633130073547363,1338.699951171875
2019-06-18,942.1820068359375,5.869900226593018,6.589079856872559,1346.5999755859375
2019-06-19,942.4359741210938,5.826159954071045,6.522649765014648,1344.5999755859375
2019-06-20,941.572021484375,5.791269779205322,6.506669998168945,1392.9000244140625
2019-06-21,940.218017578125,5.764200210571289,6.507760047912598,1396.199951171875
2019-06-24,951.8199462890625,5.764400005340576,6.5600199699401855,1414.300048828125
2019-06-25,954.2059326171875,5.799139976501465,6.610730171203613,1414.9000244140625
2019-06-26,948.3070068359375,5.793499946594238,6.58650016784668,1411.5999755859375
2019-06-27,955.7259521484375,5.770899772644043,6.561669826507568,1408.4000244140625
2019-06-28,964.847900390625,5.7718000411987305,6.559820175170898,1409.699951171875
2019-07-01,997.3516845703125,5.733590126037598,6.5135297775268555,1385.5999755859375
2019-07-02,1002.0046997070312,5.651800155639648,6.3749799728393555,1404.5999755859375
2019-07-03,993.6277465820312,5.65310001373291,6.378550052642822,1417.699951171875
2019-07-04,993.8167724609375,5.622300148010254,6.355350017547607,
2019-07-05,996.3427124023438,5.595369815826416,6.314320087432861,1396.699951171875
2019-07-08,986.94873046875,5.742370128631592,6.4467902183532715,1397.0
2019-07-09,968.1068725585938,5.730440139770508,6.4268598556518555,1397.5
2019-07-10,985.8477783203125,5.725820064544678,6.415380001068115,1410.0999755859375
2019-07-11,994.0587768554688,5.6850199699401855,6.400199890136719,1404.300048828125
2019-07-12,970.9778442382812,5.687849998474121,6.398829936981201,1409.9000244140625
2019-07-15,,5.724730014801025,6.452199935913086,1411.4000244140625
2019-07-16,980.27978515625,5.70704984664917,6.42671012878418,1409.199951171875
2019-07-17,998.0567016601562,5.714200019836426,6.406700134277344,1421.300048828125
2019-07-18,1015.6576538085938,5.683000087738037,6.387899875640869,1426.0999755859375
2019-07-19,1018.486572265625,5.622600078582764,6.326990127563477,1425.0999755859375
2019-07-22,1010.8816528320312,5.653800010681152,6.335080146789551,1425.300048828125
2019-07-23,1025.5565185546875,5.66949987411499,6.351960182189941,1420.0999755859375
2019-07-24,1034.5675048828125,5.717629909515381,6.375609874725342,1422.800048828125
2019-07-25,1020.444580078125,5.709020137786865,6.3608198165893555,1413.9000244140625
2019-07-26,1028.366455078125,5.698209762573242,6.350830078125,1418.5
2019-07-29,1033.7254638671875,5.656300067901611,6.294119834899902,1419.5999755859375
2019-07-30,1026.85546875,5.617099761962891,6.2565999031066895,1429.699951171875
2019-07-31,1020.819580078125,5.557700157165527,6.199749946594238,1426.0999755859375
2019-08-01,1018.99755859375,5.575409889221191,6.172420024871826,1420.9000244140625
2019-08-02,996.7886962890625,5.604100227355957,6.204110145568848,1445.5999755859375
2019-08-05,986.7277221679688,5.548130035400391,6.162469863891602,1464.5999755859375
2019-08-06,995.8327026367188,5.590199947357178,6.281869888305664,1472.4000244140625
2019-08-07,980.559814453125,5.526760101318359,6.195950031280518,1507.300048828125
2019-08-08,992.0797729492188,5.492400169372559,6.148799896240234,1497.699951171875
2019-08-09,994.0447387695312,5.484600067138672,6.1314802169799805,1496.5999755859375
2019-08-12,,5.48744010925293,6.149449825286865,1505.300048828125
2019-08-13,,5.563399791717529,6.236599922180176,1502.199951171875
2019-08-14,,5.562449932098389,6.2220001220703125,1515.9000244140625
2019-08-15,965.7818603515625,5.6118998527526855,6.250490188598633,1519.5999755859375
2019-08-16,957.3369140625,5.5690999031066895,6.1844401359558105,1512.5
2019-08-19,952.85693359375,5.58620023727417,6.190639972686768,1500.4000244140625
2019-08-20,960.3129272460938,5.649099826812744,6.258729934692383,1504.5999755859375
2019-08-21,955.2159423828125,5.731900215148926,6.356969833374023,1504.5999755859375
2019-08-22,953.9369506835938,5.724999904632568,6.355649948120117,1497.300048828125
2019-08-23,971.48486328125,5.768099784851074,6.391630172729492,1526.5999755859375
2019-08-26,971.0078735351562,5.828199863433838,6.488170146942139,1526.300048828125
2019-08-27,960.2999267578125,5.828499794006348,6.470749855041504,1541.0
2019-08-28,959.0789184570312,5.830699920654297,6.46196985244751,1537.800048828125
2019-08-29,967.1798706054688,5.822500228881836,6.451690196990967,1526.5
2019-08-30,,5.832699775695801,6.448840141296387,1519.0999755859375
2019-09-02,983.423828125,5.834690093994141,6.412199974060059,
2019-09-03,988.2557373046875,5.80709981918335,6.367099761962891,1545.9000244140625
2019-09-04,1000.7697143554688,5.7225799560546875,6.2790398597717285,1550.300048828125
2019-09-05,1002.7786865234375,5.671720027923584,6.25846004486084,1515.4000244140625
2019-09-06,989.8697509765625,5.691199779510498,6.278870105743408,1506.199951171875
2019-09-09,1006.044677734375,5.704949855804443,6.288010120391846,1502.199951171875
2019-09-10,1012.1236572265625,5.74399995803833,6.3429999351501465,1490.300048828125
2019-09-11,1019.216552734375,5.766970157623291,6.372270107269287,1494.4000244140625
2019-09-12,1024.467529296875,5.747099876403809,6.329689979553223,1498.699951171875
2019-09-13,1030.7125244140625,5.660399913787842,6.258570194244385,1490.9000244140625
2019-09-16,1025.8914794921875,5.727799892425537,6.34581995010376,1503.0999755859375
2019-09-17,1014.4686279296875,5.728700160980225,6.300779819488525,1505.0999755859375
2019-09-18,1019.2955932617188,5.7017998695373535,6.313799858093262,1507.5
2019-09-19,1003.3826904296875,5.6803998947143555,6.260769844055176,1498.4000244140625
2019-09-20,1002.3616943359375,5.717299938201904,6.3125901222229,1507.300048828125
2019-09-23,1000.20166015625,5.740699768066406,6.322249889373779,1523.699951171875
2019-09-24,1018.4635620117188,5.719200134277344,6.287489891052246,1532.0999755859375
2019-09-25,1026.178466796875,5.6956000328063965,6.270619869232178,1504.5999755859375
2019-09-26,1019.3975830078125,5.672399997711182,6.210549831390381,1507.5
2019-09-27,1051.516357421875,5.66519021987915,6.187580108642578,1499.0999755859375
2019-09-30,1050.3243408203125,5.667699813842773,6.193399906158447,1465.699951171875
2019-10-01,1038.760498046875,5.6483001708984375,6.153409957885742,1482.0
2019-10-02,1035.0865478515625,5.717619895935059,6.251699924468994,1501.0
2019-10-03,1027.8375244140625,5.702700138092041,6.247600078582764,1507.0999755859375
2019-10-04,1034.6295166015625,5.694399833679199,6.2470197677612305,1506.199951171875
2019-10-07,1029.926513671875,5.71150016784668,6.271249771118164,1497.699951171875
2019-10-08,1018.5875854492188,5.840000152587891,6.403779983520508,1497.199951171875
2019-10-09,996.481689453125,5.833809852600098,6.392159938812256,1506.0999755859375
2019-10-10,987.7987670898438,5.876399993896484,6.463399887084961,1494.800048828125
2019-10-11,990.2727661132812,5.842700004577637,6.431620121002197,1482.699951171875
2019-10-14,939.8090209960938,5.8942999839782715,6.498569965362549,1491.699951171875
2019-10-15,952.5709228515625,5.9274001121521,6.532690048217773,1477.5999755859375
2019-10-16,941.3670043945312,5.921800136566162,6.534110069274902,1488.0
2019-10-17,948.9569702148438,5.884099960327148,6.512889862060547,1492.300048828125
2019-10-18,984.1477661132812,5.817200183868408,6.46697998046875,1488.199951171875
2019-10-21,973.2348022460938,5.797999858856201,6.462600231170654,1482.4000244140625
2019-10-22,978.8588256835938,5.858520030975342,6.533840179443359,1481.699951171875
2019-10-23,997.8466796875,5.799620151519775,6.454170227050781,1489.9000244140625
2019-10-24,1003.45068359375,5.735770225524902,6.384829998016357,1498.9000244140625
2019-10-25,1002.1546630859375,5.76609992980957,6.400179862976074,1499.5
2019-10-28,998.377685546875,5.771999835968018,6.3900299072265625,1490.0
2019-10-29,,5.728799819946289,6.358799934387207,1487.0
2019-10-30,986.9147338867188,5.750899791717529,6.390359878540039,1493.199951171875
2019-10-31,984.6797485351562,5.701000213623047,6.354829788208008,1511.4000244140625
2019-11-01,984.6217651367188,5.7108001708984375,6.367660045623779,1508.0
2019-11-04,1000.8726806640625,5.7027997970581055,6.367670059204102,1508.0
2019-11-05,1005.2476806640625,5.73330020904541,6.381649971008301,1480.800048828125
2019-11-06,1011.431640625,5.752999782562256,6.368490219116211,1490.199951171875
2019-11-07,1035.4384765625,5.75029993057251,6.363379955291748,1464.199951171875
2019-11-08,1031.5264892578125,5.7657999992370605,6.351900100708008,1461.300048828125
2019-11-11,1031.1795654296875,5.7657599449157715,6.355939865112305,1455.5
2019-11-12,1039.718505859375,5.7687602043151855,6.367549896240234,1452.0999755859375
2019-11-13,1048.2763671875,5.7716898918151855,6.355669975280762,1461.699951171875
2019-11-14,1037.800537109375,5.753429889678955,6.33411979675293,1471.800048828125
2019-11-15,1053.7913818359375,5.7494001388549805,6.332590103149414,1467.300048828125
2019-11-18,1068.4564208984375,5.744420051574707,6.347149848937988,1470.9000244140625
2019-11-19,1075.28125,5.725830078125,6.337699890136719,1473.300048828125
2019-11-20,1067.8453369140625,5.702300071716309,6.313660144805908,1473.300048828125
2019-11-21,1068.04638671875,5.699100017547607,6.311950206756592,1463.0999755859375
2019-11-22,1065.87841796875,5.6971001625061035,6.301680088043213,1463.0999755859375
2019-11-25,1053.8193359375,5.71504020690918,6.300220012664795,1456.5999755859375
2019-11-26,1059.825439453125,5.741700172424316,6.323910236358643,1459.800048828125
2019-11-27,1058.4364013671875,5.759300231933594,6.344910144805908,1453.4000244140625
2019-11-28,1071.2562255859375,5.778600215911865,6.363450050354004,
2019-11-29,1069.0313720703125,5.757999897003174,6.337709903717041,1465.5999755859375
2019-12-02,1080.0372314453125,5.747600078582764,6.332880020141602,1462.300048828125
2019-12-03,1067.8934326171875,5.740230083465576,6.359350204467773,1478.199951171875
2019-12-04,1077.0072021484375,5.742499828338623,6.3610100746154785,1474.0
2019-12-05,1086.584228515625,5.74567985534668,6.36752986907959,1476.9000244140625
2019-12-06,1088.685302734375,5.745329856872559,6.383950233459473,1459.0999755859375
2019-12-09,1087.855224609375,5.778709888458252,6.390160083770752,1459.300048828125
2019-12-10,1080.1092529296875,5.810400009155273,6.426390171051025,1462.5999755859375
2019-12-11,1079.2113037109375,5.804900169372559,6.436220169067383,1469.4000244140625
2019-12-12,1101.14111328125,5.803899765014648,6.460000038146973,1466.699951171875
2019-12-13,1104.7601318359375,5.771999835968018,6.453770160675049,1475.5999755859375
2019-12-16,1111.2491455078125,5.8070502281188965,6.460259914398193,1475.0
2019-12-17,1110.731201171875,5.848030090332031,6.5134501457214355,1474.5999755859375
2019-12-18,1105.7410888671875,5.8850998878479,6.559780120849609,1472.5999755859375
2019-12-19,1105.9881591796875,5.926499843597412,6.58620023727417,1478.199951171875
2019-12-20,1111.7620849609375,5.940100193023682,6.607500076293945,1474.699951171875
2019-12-23,1121.7459716796875,5.935850143432617,6.576240062713623,1482.5
2019-12-24,1131.529052734375,5.947199821472168,6.593860149383545,1499.0999755859375
2019-12-25,,5.947700023651123,6.5993499755859375,
2019-12-26,1136.5240478515625,5.934619903564453,6.584099769592285,1509.300048828125
2019-12-27,1136.830078125,5.932300090789795,6.581570148468018,1513.800048828125
2019-12-30,1147.533935546875,5.948790073394775,6.6513800621032715,1514.5
2019-12-31,1144.243896484375,5.9472198486328125,6.660379886627197,1519.5
2020-01-01,,5.947800159454346,6.66949987411499,
2020-01-02,1159.31494140625,5.946300029754639,6.6728901863098145,1524.5
2020-01-03,1136.833984375,5.955699920654297,6.6503801345825195,1549.199951171875
2020-01-06,1114.12109375,5.967959880828857,6.661340236663818,1566.199951171875
2020-01-07,1125.9930419921875,5.968999862670898,6.68209981918335,1571.800048828125
2020-01-08,1128.7550048828125,5.974370002746582,6.663209915161133,1557.4000244140625
2020-01-09,1179.8988037109375,5.908899784088135,6.5605998039245605,1551.699951171875
2020-01-10,1186.630615234375,5.877299785614014,6.52646017074585,1557.5
2020-01-13,1202.483642578125,5.875329971313477,6.5323100090026855,1548.4000244140625
2020-01-14,1214.2265625,5.865499973297119,6.528659820556641,1542.4000244140625
2020-01-15,1209.3814697265625,5.8871002197265625,6.547120094299316,1552.0999755859375
2020-01-16,1210.0025634765625,5.875349998474121,6.550270080566406,1549.0
2020-01-17,1214.7415771484375,5.855100154876709,6.520380020141602,1558.800048828125
2020-01-20,1226.1915283203125,5.890769958496094,6.535930156707764,
2020-01-21,1235.554443359375,5.91077995300293,6.562039852142334,1556.4000244140625
2020-01-22,1227.4644775390625,5.93310022354126,6.5739898681640625,1555.300048828125
2020-01-23,1225.3955078125,5.9196600914001465,6.56620979309082,1564.5999755859375
2020-01-24,1221.4114990234375,5.929200172424316,6.55003023147583,1571.0999755859375
2020-01-27,1201.4906005859375,5.944779872894287,6.554890155792236,1576.800048828125
2020-01-28,1198.0096435546875,5.942800045013428,6.545259952545166,1569.199951171875
2020-01-29,1196.888671875,5.940999984741211,6.545149803161621,1569.800048828125
2020-01-30,1198.4906005859375,5.95665979385376,6.560309886932373,1583.5
2020-01-31,1191.3946533203125,5.97415018081665,6.58853006362915,1582.9000244140625
2020-02-03,1192.421630859375,5.975039958953857,6.62578010559082,1577.199951171875
2020-02-04,1221.3555908203125,5.98360013961792,6.6176300048828125,1550.4000244140625
2020-02-05,1223.2015380859375,5.977719783782959,6.600900173187256,1557.800048828125
2020-02-06,1222.83251953125,5.980899810791016,6.584050178527832,1565.0999755859375
2020-02-07,1210.14453125,5.98769998550415,6.572700023651123,1568.5999755859375
2020-02-10,1183.4088134765625,5.986939907073975,6.555409908294678,1574.699951171875
2020-02-11,1197.9716796875,6.00570011138916,6.55210018157959,1565.5999755859375
2020-02-12,1200.480712890625,6.015999794006348,6.568649768829346,1567.4000244140625
2020-02-13,1205.398681640625,6.0441999435424805,6.5704498291015625,1575.0999755859375
2020-02-14,1201.5076904296875,6.039700031280518,6.548349857330322,1582.699951171875
2020-02-17,1207.91259765625,6.054200172424316,6.56466007232666,
2020-02-18,1195.734619140625,6.0467000007629395,6.548980236053467,1600.0
2020-02-19,1191.9547119140625,6.064000129699707,6.542250156402588,1607.5
2020-02-20,1156.4139404296875,6.083000183105469,6.573639869689941,1616.5999755859375
2020-02-21,1168.2877197265625,6.102399826049805,6.582880020141602,1644.5999755859375
2020-02-24,1147.8858642578125,6.109189987182617,6.623000144958496,1672.4000244140625
2020-02-25,1143.638916015625,6.115200042724609,6.632730007171631,1646.9000244140625
2020-02-26,1151.7069091796875,6.147299766540527,6.688739776611328,1640.0
2020-02-27,1104.1781005859375,6.160099983215332,6.70290994644165,1640.0
2020-02-28,1059.931396484375,6.206769943237305,6.825270175933838,1564.0999755859375
2020-03-02,1073.09326171875,6.249269962310791,6.904290199279785,1592.300048828125
2020-03-03,1112.067138671875,6.171299934387207,6.870059967041016,1642.0999755859375
2020-03-04,1107.84814453125,6.112199783325195,6.8288798332214355,1641.0999755859375
2020-03-05,1118.14501953125,6.079800128936768,6.775839805603027,1666.4000244140625
2020-03-06,1095.9991455078125,6.102530002593994,6.847959995269775,1670.800048828125
2020-03-09,1035.2344970703125,6.121079921722412,6.940999984741211,1674.5
2020-03-10,1010.61962890625,6.157400131225586,7.015820026397705,1659.0999755859375
2020-03-11,1009.6576538085938,6.170619964599609,6.982800006866455,1641.4000244140625
2020-03-12,936.3900756835938,6.211100101470947,7.001039981842041,1589.300048828125
2020-03-13,956.0469360351562,6.316199779510498,7.058340072631836,1515.699951171875
2020-03-16,878.8783569335938,6.282869815826416,7.005780220031738,1485.9000244140625
2020-03-17,867.7723999023438,6.429299831390381,7.170959949493408,1524.9000244140625
2020-03-18,855.761474609375,6.399700164794922,7.044680118560791,1477.300048828125
2020-03-19,851.949462890625,6.47189998626709,7.082580089569092,1478.5999755859375
2020-03-20,857.9534301757812,6.541319847106934,6.970200061798096,1484.0
2020-03-23,842.45751953125,6.5572099685668945,7.013010025024414,1567.0
2020-03-24,892.8572387695312,6.5467000007629395,7.043000221252441,1660.199951171875
2020-03-25,890.6253051757812,6.436299800872803,6.95359992980957,1632.300048828125
2020-03-26,915.2711181640625,6.418600082397461,6.980629920959473,1650.0999755859375
2020-03-27,881.2453002929688,6.399799823760986,7.059000015258789,1623.9000244140625
2020-03-30,880.5902709960938,6.459799766540527,7.194540023803711,1622.0
2020-03-31,896.4322509765625,6.565040111541748,7.240449905395508,1583.4000244140625
2020-04-01,890.8463134765625,6.612989902496338,7.288050174713135,1578.199951171875
2020-04-02,895.104248046875,6.707300186157227,7.345009803771973,1625.699951171875
2020-04-03,895.521240234375,6.632299900054932,7.18936014175415,1633.699951171875
2020-04-06,920.7061157226562,6.739999771118164,7.279129981994629,1677.0
2020-04-07,923.8131103515625,6.765699863433838,7.304369926452637,1664.800048828125
2020-04-08,932.2470703125,6.757689952850342,7.361830234527588,1665.4000244140625
2020-04-09,958.3389282226562,6.772900104522705,7.365029811859131,1736.199951171875
2020-04-10,964.7048950195312,6.686100006103516,7.309160232543945,
2020-04-13,963.9808959960938,6.722799777984619,7.341159820556641,1744.800048828125
2020-04-14,985.4927368164062,6.767330169677734,7.387929916381836,1756.699951171875
2020-04-15,958.5439453125,6.816530227661133,7.484250068664551,1727.199951171875
2020-04-16,962.4859008789062,6.897029876708984,7.523099899291992,1720.4000244140625
2020-04-17,981.7927856445312,6.922100067138672,7.506269931793213,1689.199951171875
2020-04-20,989.4537353515625,6.904399871826172,7.493390083312988,1701.5999755859375
2020-04-21,976.184814453125,6.9405999183654785,7.539000034332275,1678.199951171875
2020-04-22,981.704833984375,6.974699974060059,7.569530010223389,1728.699951171875
2020-04-23,,6.980400085449219,7.5423102378845215,1733.300048828125
2020-04-24,987.5847778320312,6.955999851226807,7.4852399826049805,1723.5
2020-04-27,1012.6686401367188,6.965799808502197,7.515900135040283,1711.9000244140625
2020-04-28,1007.0696411132812,6.985300064086914,7.561800003051758,1710.5
2020-04-29,1015.9476318359375,6.987100124359131,7.564340114593506,1703.4000244140625
2020-04-30,1011.0956420898438,6.951000213623047,7.5517802238464355,1684.199951171875
2020-05-01,,6.989299774169922,7.647900104522705,1694.5
2020-05-04,988.416748046875,7.0167999267578125,7.68956995010376,1706.9000244140625
2020-05-05,987.3697509765625,7.0446600914001465,7.6808600425720215,1704.4000244140625
2020-05-06,985.7097778320312,7.083700180053711,7.676459789276123,1684.199951171875
2020-05-07,983.9827270507812,7.197080135345459,7.785289764404297,1721.800048828125
2020-05-08,978.4468383789062,7.0883002281188965,7.681240081787109,1709.9000244140625
2020-05-11,977.9168090820312,7.093999862670898,7.678999900817871,1695.300048828125
2020-05-12,996.1536865234375,7.063399791717529,7.629570007324219,1704.4000244140625
2020-05-13,1001.585693359375,6.9920501708984375,7.587540149688721,1713.9000244140625
2020-05-14,991.9247436523438,6.969860076904297,7.5447998046875,1738.0999755859375
2020-05-15,997.6766967773438,6.925300121307373,7.48022985458374,1753.4000244140625
2020-05-18,1019.8245849609375,6.883339881896973,7.446660041809082,1731.800048828125
2020-05-19,,6.876999855041504,7.502679824829102,1744.199951171875
2020-05-20,1021.569580078125,6.779789924621582,7.405739784240723,1750.5999755859375
2020-05-21,1026.4835205078125,6.78410005569458,7.444439888000488,1720.5
2020-05-22,1030.237548828125,6.789999961853027,7.42834997177124,1734.5999755859375
2020-05-25,,6.809100151062012,7.426700115203857,
2020-05-26,,6.814000129699707,7.426799774169922,1704.800048828125
2020-05-27,1049.5294189453125,6.72553014755249,7.393700122833252,1710.300048828125
2020-05-28,1053.5924072265625,6.7754998207092285,7.464019775390625,1713.300048828125
2020-05-29,1055.1993408203125,6.811049938201904,7.5455498695373535,1736.9000244140625
2020-06-01,1072.65625,6.804100036621094,7.5722198486328125,1737.800048828125
2020-06-02,1080.96728515625,6.804599761962891,7.568990230560303,1725.199951171875
2020-06-03,1091.1072998046875,6.696300029754639,7.4913201332092285,1697.800048828125
2020-06-04,1095.3631591796875,6.724100112915039,7.551310062408447,1718.9000244140625
2020-06-05,1100.212158203125,6.748899936676025,7.647339820861816,1676.199951171875
2020-06-08,1096.3651123046875,6.76140022277832,7.648709774017334,1698.300048828125
2020-06-09,1092.3592529296875,6.775400161743164,7.657090187072754,1714.699951171875
2020-06-10,1097.7830810546875,6.787499904632568,7.691259860992432,1713.300048828125
2020-06-11,1091.5482177734375,6.769899845123291,7.694270133972168,1732.0
2020-06-12,1098.34912109375,6.835100173950195,7.71707010269165,1729.300048828125
2020-06-15,1095.55419921875,6.813399791717529,7.669650077819824,1720.300048828125
2020-06-16,1109.39111328125,6.822169780731201,7.733630180358887,1729.5999755859375
2020-06-17,1109.3941650390625,6.830959796905518,7.695280075073242,1729.199951171875
2020-06-18,1124.9400634765625,6.8317999839782715,7.6813201904296875,1724.800048828125
2020-06-19,1136.113037109375,6.853109836578369,7.6805500984191895,1745.9000244140625
2020-06-22,1151.8948974609375,6.84689998626709,7.65349006652832,1756.699951171875
2020-06-23,1153.3829345703125,6.842299938201904,7.716619968414307,1772.0999755859375
2020-06-24,1144.48291015625,6.844600200653076,7.744510173797607,1765.800048828125
2020-06-25,1141.3839111328125,6.850480079650879,7.706930160522461,1762.0999755859375
2020-06-26,1146.6778564453125,6.8527398109436035,7.6867499351501465,1772.5
2020-06-29,1158.4239501953125,6.8505401611328125,7.6880202293396,1774.800048828125
2020-06-30,1165.2418212890625,6.8495001792907715,7.705880165100098,1793.0
2020-07-01,1153.1439208984375,6.847300052642822,7.695350170135498,1773.199951171875
2020-07-02,1169.07177734375,6.845600128173828,7.700719833374023,1784.0
2020-07-03,1157.4788818359375,6.848100185394287,7.696720123291016,
2020-07-06,1184.8458251953125,6.858500003814697,7.717010021209717,1788.5
2020-07-07,1193.3826904296875,6.856200218200684,7.756209850311279,1804.199951171875
2020-07-08,1187.11865234375,6.853360176086426,7.72681999206543,1815.5
2020-07-09,1157.929931640625,6.85791015625,7.7748799324035645,1799.199951171875
2020-07-10,1148.0799560546875,6.857729911804199,7.740530014038086,1798.199951171875
2020-07-13,1183.9808349609375,6.8597002029418945,7.761340141296387,1811.0
2020-07-14,1177.40478515625,6.855400085449219,7.777450084686279,1810.5999755859375
2020-07-15,,6.863490104675293,7.831240177154541,1811.4000244140625
2020-07-16,1188.068603515625,6.85290002822876,7.827499866485596,1798.699951171875
2020-07-17,1187.8546142578125,6.855629920959473,7.807330131530762,1808.300048828125
2020-07-20,1192.8026123046875,6.851900100708008,7.8434600830078125,1815.9000244140625
2020-07-21,1180.413818359375,6.853650093078613,7.851950168609619,1842.4000244140625
2020-07-22,1180.792724609375,6.826879978179932,7.873650074005127,1864.0999755859375
2020-07-23,1190.3056640625,6.840199947357178,7.912710189819336,1889.0999755859375
2020-07-24,1192.0096435546875,6.83558988571167,7.926139831542969,1897.300048828125
2020-07-27,1195.693603515625,6.840700149536133,7.974339962005615,1931.0
2020-07-28,1152.69384765625,6.8790998458862305,8.098030090332031,1944.699951171875
2020-07-29,1135.593994140625,6.938799858093262,8.128780364990234,1953.5
2020-07-30,1126.89404296875,6.970699787139893,8.219650268554688,1942.300048828125
2020-07-31,,6.969399929046631,8.26842975616455,1962.800048828125
2020-08-03,,6.9692301750183105,8.210729598999023,1966.0
2020-08-04,1087.1942138671875,6.960400104522705,8.186739921569824,2001.199951171875
2020-08-05,1091.7943115234375,6.92609977722168,8.182840347290039,2031.0999755859375
2020-08-06,1034.39453125,7.0495500564575195,8.371700286865234,2051.5
2020-08-07,1060.5943603515625,7.223239898681641,8.576950073242188,2010.0999755859375
2020-08-10,1075.4942626953125,7.29964017868042,8.600069999694824,2024.4000244140625
2020-08-11,1110.0941162109375,7.328100204467773,8.601059913635254,1932.5999755859375
2020-08-12,1114.194091796875,7.224120140075684,8.478170394897461,1934.9000244140625
2020-08-13,1100.294189453125,7.319019794464111,8.631970405578613,1956.699951171875
2020-08-14,1083.7943115234375,7.332099914550781,8.66353988647461,1937.0
2020-08-17,1086.1942138671875,7.366000175476074,8.728730201721191,1985.0
2020-08-18,1092.4942626953125,7.373429775238037,8.755510330200195,1999.4000244140625
2020-08-19,1124.6939697265625,7.3649001121521,8.798990249633789,1958.699951171875
2020-08-20,1126.7940673828125,7.277900218963623,8.617919921875,1933.800048828125
2020-08-21,1109.8941650390625,7.296199798583984,8.658679962158203,1934.5999755859375
2020-08-24,1108.3941650390625,7.284570217132568,8.59375,1927.699951171875
2020-08-25,1092.1942138671875,7.372900009155273,8.695050239562988,1911.800048828125
2020-08-26,1098.994140625,7.393199920654297,8.749329566955566,1940.699951171875
2020-08-27,1108.8941650390625,7.348750114440918,8.710709571838379,1921.5999755859375
2020-08-28,1100.5941162109375,7.35260009765625,8.675959587097168,1964.5999755859375
2020-08-31,1078.59423828125,7.324900150299072,8.705490112304688,1967.5999755859375
2020-09-01,1085.1942138671875,7.35260009765625,8.77184009552002,1968.199951171875
2020-09-02,1083.894287109375,7.359399795532227,8.774239540100098,1934.4000244140625
2020-09-03,1076.2943115234375,7.363239765167236,8.728349685668945,1927.5999755859375
2020-09-04,1086.2943115234375,7.4220099449157715,8.787050247192383,1923.9000244140625
2020-09-07,1096.794189453125,7.431399822235107,8.771289825439453,
2020-09-08,1089.59423828125,7.449699878692627,8.799010276794434,1933.0
2020-09-09,1099.694091796875,7.479100227355957,8.798979759216309,1944.699951171875
2020-09-10,1099.0941162109375,7.4688801765441895,8.815290451049805,1954.199951171875
2020-09-11,1102.694091796875,7.442500114440918,8.801159858703613,1937.800048828125
2020-09-14,1107.294189453125,7.467289924621582,8.838129997253418,1953.0999755859375
2020-09-15,1111.194091796875,7.483500003814697,8.8751802444458,1956.300048828125
2020-09-16,1107.0941162109375,7.485400199890137,8.865889549255371,1960.199951171875
2020-09-17,1110.694091796875,7.492700099945068,8.84175968170166,1940.0
2020-09-18,1111.994140625,7.544600009918213,8.938460350036621,1952.0999755859375
2020-09-21,1086.9942626953125,7.557600021362305,8.954279899597168,1901.199951171875
2020-09-22,1096.194091796875,7.616640090942383,8.960339546203613,1898.5999755859375
2020-09-23,1102.694091796875,7.667699813842773,8.977749824523926,1859.9000244140625
2020-09-24,1119.593994140625,7.698599815368652,8.961230278015137,1868.300048828125
2020-09-25,1124.1939697265625,7.615699768066406,8.885049819946289,1857.699951171875
2020-09-28,1121.1939697265625,7.658180236816406,8.916159629821777,1872.800048828125
2020-09-29,1123.2940673828125,7.780360221862793,9.085980415344238,1894.300048828125
2020-09-30,1145.19384765625,7.8113298416137695,9.159239768981934,1887.5
2020-10-01,1143.493896484375,7.705870151519775,9.034279823303223,1908.4000244140625
2020-10-02,1144.993896484375,7.751399993896484,9.086640357971191,1900.199951171875
2020-10-05,1160.69384765625,7.736629962921143,9.059020042419434,1912.5
2020-10-06,1153.69384765625,7.760000228881836,9.146089553833008,1901.0999755859375
2020-10-07,1152.3939208984375,7.788269996643066,9.140780448913574,1883.5999755859375
2020-10-08,1150.493896484375,7.872690200805664,9.262689590454102,1888.5999755859375
2020-10-09,1165.6937255859375,7.940299987792969,9.34689998626709,1919.5
2020-10-12,1178.393798828125,7.845250129699707,9.273590087890625,1922.5
2020-10-13,1174.6937255859375,7.88539981842041,9.314290046691895,1888.5
2020-10-14,1189.293701171875,7.9207000732421875,9.300089836120605,1901.300048828125
2020-10-15,1180.393798828125,7.906199932098389,9.2878999710083,1903.199951171875
2020-10-16,1192.693603515625,7.9309000968933105,9.282270431518555,1900.800048828125
2020-10-19,1205.3936767578125,7.912300109863281,9.270979881286621,1906.4000244140625
2020-10-20,1210.3935546875,7.872640132904053,9.261759757995605,1910.4000244140625
2020-10-21,1211.4935302734375,7.857999801635742,9.295949935913086,1924.5999755859375
2020-10-22,1198.293701171875,7.808040142059326,9.260749816894531,1901.0999755859375
2020-10-23,1190.5936279296875,7.941199779510498,9.382209777832031,1902.0
2020-10-26,1144.493896484375,7.97353982925415,9.446840286254883,1902.699951171875
2020-10-27,1152.5938720703125,8.09022045135498,9.55366039276123,1908.800048828125
2020-10-28,1126.9940185546875,8.192700386047363,9.655839920043945,1876.199951171875
2020-10-29,,8.264920234680176,9.709630012512207,1865.5999755859375
2020-10-30,1112.3941650390625,8.297940254211426,9.688650131225586,1877.4000244140625
2020-11-02,1133.593994140625,8.363490104675293,9.736189842224121,1890.4000244140625
2020-11-03,1150.69384765625,8.433609962463379,9.82334041595459,1908.5
2020-11-04,1167.6937255859375,8.432000160217285,9.881999969482422,1894.5999755859375
2020-11-05,1179.9937744140625,8.440500259399414,9.898639678955078,1945.300048828125
2020-11-06,1191.99365234375,8.42039966583252,9.949090003967285,1950.300048828125
2020-11-09,1231.493408203125,8.437789916992188,10.030989646911621,1853.199951171875
2020-11-10,1242.993408203125,8.107600212097168,9.593799591064453,1875.4000244140625
2020-11-11,1279.193115234375,8.149149894714355,9.63008975982666,1860.699951171875
2020-11-12,1271.7933349609375,7.7829999923706055,9.16759967803955,1872.5999755859375
2020-11-13,1291.293212890625,7.68179988861084,9.046409606933594,1885.699951171875
2020-11-16,1292.9931640625,7.619949817657471,9.025449752807617,1887.300048828125
2020-11-17,1259.6932373046875,7.688379764556885,9.117500305175781,1884.5
2020-11-18,1294.693115234375,7.674650192260742,9.104280471801758,1873.5
2020-11-19,1312.9930419921875,7.6910600662231445,9.11122989654541,1861.0999755859375
2020-11-20,1323.992919921875,7.539599895477295,8.924150466918945,1872.5999755859375
2020-11-23,1314.2930908203125,7.617249965667725,9.035579681396484,1837.800048828125
2020-11-24,1320.9930419921875,7.873899936676025,9.32433032989502,1804.800048828125
2020-11-25,1325.492919921875,7.993899822235107,9.510160446166992,1805.699951171875
2020-11-26,1342.492919921875,7.939499855041504,9.461999893188477,
2020-11-27,1328.69287109375,7.8709001541137695,9.373319625854492,1781.9000244140625
2020-11-30,1283.5931396484375,7.817319869995117,9.357939720153809,1775.699951171875
2020-12-01,1325.29296875,7.8225998878479,9.341950416564941,1814.0999755859375
2020-12-02,1325.492919921875,7.817500114440918,9.441309928894043,1825.699951171875
2020-12-03,1330.8929443359375,7.850490093231201,9.510080337524414,1836.800048828125
2020-12-04,1330.8929443359375,7.781199932098389,9.44696044921875,1835.9000244140625
2020-12-07,1329.8929443359375,7.801380157470703,9.455750465393066,1861.800048828125
2020-12-08,1339.8929443359375,7.796760082244873,9.443900108337402,1870.800048828125
2020-12-09,1350.2928466796875,7.8096699714660645,9.456100463867188,1834.5999755859375
2020-12-10,1353.392822265625,7.817659854888916,9.44225025177002,1833.5999755859375
2020-12-11,1370.692626953125,7.886300086975098,9.570409774780273,1839.800048828125
2020-12-14,1388.5926513671875,7.854340076446533,9.529879570007324,1828.699951171875
2020-12-15,1395.392578125,7.847099781036377,9.531669616699219,1852.300048828125
2020-12-16,1392.4925537109375,7.83050012588501,9.514650344848633,1856.0999755859375
2020-12-17,1399.392578125,7.794710159301758,9.506349563598633,1887.199951171875
2020-12-18,1408.2926025390625,7.697700023651123,9.435210227966309,1885.699951171875
2020-12-21,1384.3927001953125,7.658549785614014,9.355230331420898,1879.199951171875
2020-12-22,1404.9925537109375,7.643249988555908,9.35925006866455,1866.5999755859375
2020-12-23,1417.6923828125,7.65749979019165,9.32660961151123,1874.699951171875
2020-12-24,1425.992431640625,7.633299827575684,9.305219650268555,1879.9000244140625
2020-12-25,,7.574100017547607,9.22227954864502,
2020-12-28,1439.2923583984375,7.569499969482422,9.240269660949707,1877.199951171875
2020-12-29,1459.6922607421875,7.4394001960754395,9.084549903869629,1879.699951171875
2020-12-30,1479.8922119140625,7.388800144195557,9.04856014251709,1891.0
2020-12-31,1476.692138671875,7.373730182647705,9.060379981994629,1893.0999755859375
2021-01-01,,7.433800220489502,9.084699630737305,
2021-01-04,1495.39208984375,7.433420181274414,9.105680465698242,1944.699951171875
2021-01-05,1489.592041015625,7.421500205993652,9.088820457458496,1952.699951171875
2021-01-06,1505.39208984375,7.383790016174316,9.081769943237305,1906.9000244140625
2021-01-07,1522.19189453125,7.29971981048584,9.006139755249023,1912.300048828125
2021-01-08,1540.591796875,7.326600074768066,8.998499870300293,1834.0999755859375
2021-01-11,1536.1917724609375,7.357649803161621,8.963089942932129,1849.5999755859375
2021-01-12,1549.4918212890625,7.471950054168701,9.091500282287598,1842.9000244140625
2021-01-13,1559.291748046875,7.446959972381592,9.091400146484375,1853.5999755859375
2021-01-14,1546.591796875,7.394269943237305,9.00059986114502,1850.300048828125
2021-01-15,1524.491943359375,7.366099834442139,8.948639869689941,1829.300048828125
2021-01-18,1556.791748046875,7.449079990386963,8.98705005645752,
2021-01-19,1564.99169921875,7.475180149078369,9.02791976928711,1839.5
2021-01-20,1569.3917236328125,7.466300010681152,9.061829566955566,1865.9000244140625
2021-01-21,1551.591796875,7.410600185394287,8.981459617614746,1865.300048828125
2021-01-22,1542.4918212890625,7.365699768066406,8.962420463562012,1855.699951171875
2021-01-25,1540.1917724609375,7.41772985458374,9.025979995727539,1854.9000244140625
2021-01-26,1536.091796875,7.40749979019165,8.994020462036133,1850.699951171875
2021-01-27,1466.9921875,7.347300052642822,8.93513011932373,1844.9000244140625
2021-01-28,1498.2921142578125,7.392240047454834,8.955249786376953,1837.9000244140625
2021-01-29,1473.4921875,7.345779895782471,8.902569770812988,1847.300048828125
2021-02-01,1492.4920654296875,7.277699947357178,8.824990272521973,1860.800048828125
2021-02-02,1511.3919677734375,7.185070037841797,8.678030014038086,1830.5
2021-02-03,1533.591796875,7.192599773406982,8.658780097961426,1832.199951171875
2021-02-04,1534.891845703125,7.156599998474121,8.611419677734375,1788.9000244140625
2021-02-05,1527.19189453125,7.132900238037109,8.537210464477539,1810.9000244140625
2021-02-08,1534.891845703125,7.0569000244140625,8.500100135803223,1831.9000244140625
2021-02-09,1544.091796875,7.074900150299072,8.530200004577637,1835.300048828125
2021-02-10,1547.091796875,7.0639801025390625,8.559000015258789,1840.5999755859375
2021-02-11,1545.591796875,7.055480003356934,8.543990135192871,1824.9000244140625
2021-02-12,1538.391845703125,7.023900032043457,8.52593994140625,1821.5999755859375
2021-02-15,1562.49169921875,7.028900146484375,8.52046012878418,
2021-02-16,1542.7918701171875,6.956900119781494,8.441969871520996,1797.199951171875
2021-02-17,1540.591796875,6.982399940490723,8.441590309143066,1771.0999755859375
2021-02-18,1546.391845703125,6.963210105895996,8.387260437011719,1773.4000244140625
2021-02-19,1560.291748046875,6.965590000152588,8.421699523925781,1775.800048828125
2021-02-22,1550.591796875,6.981400012969971,8.461910247802734,1806.699951171875
2021-02-23,1517.8919677734375,7.010000228881836,8.53573989868164,1804.4000244140625
2021-02-24,1482.9921875,7.100299835205078,8.640850067138672,1796.4000244140625
2021-02-25,1488.1920166015625,7.16379976272583,8.720800399780273,1774.4000244140625
2021-02-26,1471.3922119140625,7.3231000900268555,8.904669761657715,1728.0999755859375
2021-03-01,1527.491943359375,7.413090229034424,8.9612398147583,1722.5
2021-03-02,1528.7919921875,7.269370079040527,8.757920265197754,1733.0999755859375
2021-03-03,1531.091796875,7.34499979019165,8.878450393676758,1715.300048828125
2021-03-04,1537.9918212890625,7.456699848175049,8.9824800491333,1700.199951171875
2021-03-05,1541.9918212890625,7.508900165557861,8.985899925231934,1698.0
2021-03-08,1530.2918701171875,7.507740020751953,8.952899932861328,1677.699951171875
2021-03-09,1549.1917724609375,7.755760192871094,9.191349983215332,1716.5999755859375
2021-03-10,1564.8917236328125,7.606659889221191,9.045289993286133,1721.5
2021-03-11,1556.49169921875,7.489699840545654,8.93101978302002,1722.300048828125
2021-03-12,1557.3917236328125,7.475100040435791,8.943429946899414,1719.5
2021-03-15,1555.49169921875,7.556000232696533,9.028590202331543,1728.9000244140625
2021-03-16,1570.3917236328125,7.530720233917236,8.980460166931152,1730.5999755859375
2021-03-17,1562.0916748046875,7.4882001876831055,8.904580116271973,1726.800048828125
2021-03-18,1550.891845703125,7.49429988861084,8.971779823303223,1732.199951171875
2021-03-19,1528.991943359375,7.320219993591309,8.722789764404297,1741.4000244140625
2021-03-22,1379.292724609375,8.095390319824219,9.629449844360352,1737.800048828125
2021-03-23,1377.3927001953125,7.825399875640869,9.323619842529297,1724.699951171875
2021-03-24,1413.892578125,7.939599990844727,9.391130447387695,1732.9000244140625
2021-03-25,1394.392578125,7.911399841308594,9.351699829101562,1724.9000244140625
2021-03-26,1382.192626953125,7.947999954223633,9.327679634094238,1732.199951171875
2021-03-29,1392.592529296875,8.118200302124023,9.5595703125,1712.0999755859375
2021-03-30,1395.7926025390625,8.243490219116211,9.711270332336426,1683.9000244140625
2021-03-31,1391.692626953125,8.324700355529785,9.748299598693848,1713.800048828125
2021-04-01,1426.5924072265625,8.241889953613281,9.686530113220215,1726.5
2021-04-02,,8.106969833374023,9.547579765319824,
2021-04-05,1442.09228515625,8.184000015258789,9.628640174865723,1727.0
2021-04-06,1420.5924072265625,8.11340045928955,9.586359977722168,1741.5
2021-04-07,1417.8924560546875,8.14490032196045,9.65641975402832,1740.0999755859375
2021-04-08,1416.5924072265625,8.14387035369873,9.667570114135742,1756.800048828125
2021-04-09,1393.1925048828125,8.12952995300293,9.702859878540039,1743.300048828125
2021-04-12,1375.8927001953125,8.170999526977539,9.707460403442383,1731.199951171875
2021-04-13,1378.3927001953125,8.154500007629395,9.703940391540527,1746.199951171875
2021-04-14,1409.1925048828125,8.107099533081055,9.68908977508545,1734.9000244140625
2021-04-15,1407.7926025390625,8.080300331115723,9.674360275268555,1765.4000244140625
2021-04-16,1408.092529296875,8.028800010681152,9.610150337219238,1779.0
2021-04-19,1377.192626953125,8.076199531555176,9.668660163879395,1769.4000244140625
2021-04-20,1365.2928466796875,8.090399742126465,9.732749938964844,1777.300048828125
2021-04-21,1330.492919921875,8.10342025756836,9.75037956237793,1792.300048828125
2021-04-22,1345.19287109375,8.190099716186523,9.859210014343262,1781.199951171875
2021-04-23,,8.301719665527344,9.977120399475098,1777.0
2021-04-26,1373.99267578125,8.406160354614258,10.164250373840332,1779.199951171875
2021-04-27,1391.99267578125,8.290300369262695,10.000069618225098,1778.0
2021-04-28,1385.8927001953125,8.205940246582031,9.92018985748291,1773.199951171875
2021-04-29,1401.4925537109375,8.184889793395996,9.930899620056152,1768.0999755859375
2021-04-30,1397.7926025390625,8.184880256652832,9.923589706420898,1767.300048828125
2021-05-03,1421.1923828125,8.274550437927246,9.951720237731934,1791.4000244140625
2021-05-04,1416.29248046875,8.258999824523926,9.948659896850586,1775.800048828125
2021-05-05,1419.992431640625,8.319299697875977,9.986169815063477,1784.0999755859375
2021-05-06,1427.6923828125,8.329000473022461,9.98639965057373,1815.5
2021-05-07,1441.2923583984375,8.276749610900879,9.985819816589355,1831.0999755859375
2021-05-10,1460.892333984375,8.23799991607666,10.01593017578125,1837.5
2021-05-11,1444.892333984375,8.271400451660156,10.028730392456055,1835.9000244140625
2021-05-12,1441.2923583984375,8.28950023651123,10.072979927062988,1822.5999755859375
2021-05-13,,8.432900428771973,10.183890342712402,1823.800048828125
2021-05-14,,8.49940013885498,10.267800331115723,1837.9000244140625
2021-05-17,1454.2923583984375,8.445099830627441,10.260649681091309,1867.5
2021-05-18,1459.59228515625,8.302020072937012,10.092100143432617,1867.800048828125
2021-05-19,,8.35513973236084,10.216259956359863,1881.300048828125
2021-05-20,1449.7923583984375,8.410599708557129,10.22620964050293,1881.800048828125
2021-05-21,1451.7923583984375,8.36931037902832,10.231940269470215,1876.699951171875
2021-05-24,1452.1922607421875,8.416299819946289,10.259599685668945,1884.5999755859375
2021-05-25,1400.1925048828125,8.377969741821289,10.23071002960205,1898.0999755859375
2021-05-26,1427.0924072265625,8.452300071716309,10.354100227355957,1901.300048828125
2021-05-27,1414.9925537109375,8.451199531555176,10.305500030517578,1895.699951171875
2021-05-28,1422.0924072265625,8.48235034942627,10.347559928894043,1902.5
2021-05-31,1420.492431640625,8.573399543762207,10.441610336303711,
2021-06-01,1431.992431640625,8.487799644470215,10.377360343933105,1902.9000244140625
2021-06-02,1430.6923828125,8.601699829101562,10.531259536743164,1907.5
2021-06-03,1428.0924072265625,8.580490112304688,10.476090431213379,1871.199951171875
2021-06-04,1432.8924560546875,8.70680046081543,10.554800033569336,1889.800048828125
2021-06-07,1447.09228515625,8.67300033569336,10.554590225219727,1896.800048828125
2021-06-08,1447.59228515625,8.597149848937988,10.48036003112793,1892.199951171875
2021-06-09,1449.1922607421875,8.599699974060059,10.468629837036133,1893.199951171875
2021-06-10,1456.6922607421875,8.582300186157227,10.449799537658691,1894.199951171875
2021-06-11,1460.892333984375,8.425200462341309,10.252229690551758,1877.4000244140625
2021-06-14,1454.2923583984375,8.378479957580566,10.146430015563965,1864.0
2021-06-15,1442.59228515625,8.45576000213623,10.249879837036133,1854.5
2021-06-16,1431.29248046875,8.555899620056152,10.362469673156738,1859.5
2021-06-17,1414.1925048828125,8.619999885559082,10.329859733581543,1773.800048828125
2021-06-18,1391.0926513671875,8.71345043182373,10.380069732666016,1767.9000244140625
2021-06-21,1398.4925537109375,8.754280090332031,10.389389991760254,1781.800048828125
2021-06-22,1409.892578125,8.779199600219727,10.451530456542969,1776.300048828125
2021-06-23,1402.392578125,8.63895034790039,10.311690330505371,1782.300048828125
2021-06-24,1410.7926025390625,8.634499549865723,10.293140411376953,1775.5999755859375
2021-06-25,1391.8927001953125,8.69729995727539,10.37483024597168,1776.5999755859375
2021-06-28,1373.292724609375,8.747309684753418,10.445099830627441,1779.5999755859375
2021-06-29,1371.692626953125,8.683099746704102,10.363100051879883,1762.800048828125
2021-06-30,1356.2928466796875,8.72599983215332,10.38403034210205,1770.800048828125
2021-07-01,1372.792724609375,8.704700469970703,10.309849739074707,1775.9000244140625
2021-07-02,1376.692626953125,8.664609909057617,10.267620086669922,1782.5999755859375
2021-07-05,1392.592529296875,8.688400268554688,10.297900199890137,
2021-07-06,1382.5926513671875,8.65999984741211,10.273480415344238,1793.5
2021-07-07,1390.5926513671875,8.680299758911133,10.267319679260254,1801.5
2021-07-08,1372.99267578125,8.678500175476074,10.23429012298584,1799.5999755859375
2021-07-09,1378.292724609375,8.681900024414062,10.2806396484375,1810.0
2021-07-12,1356.9927978515625,8.65429973602295,10.273550033569336,1805.5
2021-07-13,1346.7928466796875,8.632100105285645,10.251859664916992,1809.4000244140625
2021-07-14,1367.2928466796875,8.619199752807617,10.147850036621094,1824.300048828125
2021-07-15,,8.584050178527832,10.174750328063965,1828.4000244140625
2021-07-16,1363.2928466796875,8.560689926147461,10.111289978027344,1814.5
2021-07-19,1351.5927734375,8.532099723815918,10.077500343322754,1808.699951171875
2021-07-20,,8.580100059509277,10.113510131835938,1810.9000244140625
2021-07-21,,8.57040023803711,10.096790313720703,1802.9000244140625
2021-07-22,,8.554160118103027,10.086640357971191,1805.0
2021-07-23,,8.556500434875488,10.078240394592285,1801.4000244140625
2021-07-26,1349.0927734375,8.54757022857666,10.06270980834961,1798.699951171875
2021-07-27,1359.5927734375,8.554499626159668,10.097579956054688,1799.5
2021-07-28,1360.7928466796875,8.556099891662598,10.113240242004395,1799.5
2021-07-29,1391.5926513671875,8.551259994506836,10.129220008850098,1831.199951171875
2021-07-30,1392.892578125,8.45226001739502,10.050559997558594,1812.5999755859375
2021-08-02,1399.6925048828125,8.43667984008789,10.009289741516113,1818.0999755859375
2021-08-03,1408.7926025390625,8.349800109863281,9.910849571228027,1810.0999755859375
2021-08-04,1413.7926025390625,8.401200294494629,9.967430114746094,1810.5
2021-08-05,1431.79248046875,8.475500106811523,10.027950286865234,1805.0999755859375
2021-08-06,1434.79248046875,8.52560043334961,10.085869789123535,1760.0
2021-08-09,1432.5924072265625,8.627900123596191,10.12539005279541,1723.4000244140625
2021-08-10,1437.492431640625,8.6489896774292,10.150629997253418,1728.800048828125
2021-08-11,1410.892578125,8.598799705505371,10.078200340270996,1750.4000244140625
2021-08-12,1444.4923095703125,8.625439643859863,10.127559661865234,1749.0
2021-08-13,1447.59228515625,8.561189651489258,10.046730041503906,1775.199951171875
2021-08-16,1455.2923583984375,8.512200355529785,10.03462028503418,1786.9000244140625
2021-08-17,1461.692138671875,8.454700469970703,9.959890365600586,1785.0
2021-08-18,1449.59228515625,8.42667007446289,9.866789817810059,1781.5999755859375
2021-08-19,1439.892333984375,8.453519821166992,9.892820358276367,1780.199951171875
2021-08-20,1444.59228515625,8.530799865722656,9.951189994812012,1781.0
2021-08-23,1459.2923583984375,8.490799903869629,9.923060417175293,1803.199951171875
2021-08-24,1465.8922119140625,8.42650032043457,9.895999908447266,1805.5999755859375
2021-08-25,1453.2923583984375,8.411800384521484,9.884320259094238,1788.199951171875
2021-08-26,1448.4923095703125,8.373379707336426,9.856809616088867,1792.199951171875
2021-08-27,1458.1922607421875,8.376409530639648,9.845049858093262,1816.5999755859375
2021-08-30,,8.34862995147705,9.849459648132324,1809.0
2021-08-31,1472.0921630859375,8.367300033569336,9.86913013458252,1815.0
2021-09-01,1474.0921630859375,8.304499626159668,9.807279586791992,1813.0999755859375
2021-09-02,1479.0921630859375,8.283780097961426,9.808480262756348,1808.699951171875
2021-09-03,1468.692138671875,8.279580116271973,9.829170227050781,1830.9000244140625
2021-09-06,1474.692138671875,8.312649726867676,9.878809928894043,
2021-09-07,1454.6922607421875,8.276780128479004,9.827019691467285,1795.9000244140625
2021-09-08,1433.8924560546875,8.344799995422363,9.884690284729004,1790.699951171875
2021-09-09,1452.6922607421875,8.472200393676758,10.022439956665039,1797.4000244140625
2021-09-10,1438.6922607421875,8.440400123596191,9.98490047454834,1789.5999755859375
2021-09-13,1438.2923583984375,8.46660041809082,9.991009712219238,1792.0
2021-09-14,1434.3924560546875,8.422100067138672,9.950750350952148,1804.699951171875
2021-09-15,1423.992431640625,8.430669784545898,9.949959754943848,1792.4000244140625
2021-09-16,1417.992431640625,8.425800323486328,9.960140228271484,1754.5999755859375
2021-09-17,1419.3924560546875,8.529009819030762,10.034119606018066,1749.4000244140625
2021-09-20,1391.8927001953125,8.635199546813965,10.132869720458984,1761.800048828125
2021-09-21,1385.5926513671875,8.668299674987793,10.160090446472168,1776.0
2021-09-22,1407.4925537109375,8.620400428771973,10.106789588928223,1776.699951171875
2021-09-23,1401.4925537109375,8.656299591064453,10.11633014678955,1747.699951171875
2021-09-24,1384.692626953125,8.756429672241211,10.27970027923584,1749.699951171875
2021-09-27,1391.692626953125,8.858619689941406,10.390159606933594,1750.0
2021-09-28,1383.792724609375,8.814200401306152,10.312219619750977,1735.800048828125
2021-09-29,1391.8927001953125,8.866900444030762,10.360340118408203,1721.5
2021-09-30,1406.392578125,8.916139602661133,10.343790054321289,1755.300048828125
2021-10-01,1401.4925537109375,8.885000228881836,10.281330108642578,1757.0
2021-10-04,1394.392578125,8.85260009765625,10.27001953125,1766.199951171875
2021-10-05,1391.692626953125,8.847100257873535,10.281740188598633,1759.5999755859375
2021-10-06,1371.692626953125,8.861960411071777,10.275799751281738,1760.5
2021-10-07,1396.892578125,8.866040229797363,10.245739936828613,1757.9000244140625
2021-10-08,1397.9925537109375,8.87090015411377,10.253870010375977,1756.300048828125
2021-10-11,1416.29248046875,8.955010414123535,10.357609748840332,1754.5999755859375
2021-10-12,1416.79248046875,8.99487018585205,10.391770362854004,1758.300048828125
2021-10-13,1413.4925537109375,9.037989616394043,10.421799659729004,1793.699951171875
2021-10-14,1411.7926025390625,9.146920204162598,10.605690002441406,1796.699951171875
2021-10-15,1409.592529296875,9.190099716186523,10.649100303649902,1767.199951171875
2021-10-18,1417.6923828125,9.236949920654297,10.711170196533203,1764.800048828125
2021-10-19,1429.8924560546875,9.339099884033203,10.84708023071289,1769.699951171875
2021-10-20,1432.79248046875,9.305399894714355,10.822750091552734,1784.0999755859375
2021-10-21,1455.392333984375,9.214960098266602,10.737460136413574,1781.199951171875
2021-10-22,1479.8922119140625,9.531149864196777,11.081089973449707,1795.5
2021-10-25,1492.89208984375,9.674400329589844,11.2837495803833,1806.0
2021-10-26,1509.19189453125,9.586700439453125,11.125009536743164,1792.699951171875
2021-10-27,1519.2919921875,9.529069900512695,11.057860374450684,1797.9000244140625
2021-10-28,1521.991943359375,9.50570011138916,11.003230094909668,1801.5999755859375
2021-10-29,,9.52511978149414,11.12714958190918,1783.0
2021-11-01,1536.2918701171875,9.582900047302246,11.07334041595459,1795.0999755859375
2021-11-02,1533.091796875,9.539910316467285,11.06544017791748,1788.699951171875
2021-11-03,1546.9918212890625,9.600799560546875,11.115610122680664,1763.5999755859375
2021-11-04,1575.691650390625,9.639599800109863,11.193920135498047,1793.0
2021-11-05,1583.591552734375,9.694029808044434,11.19791030883789,1816.4000244140625
2021-11-08,1608.491455078125,9.687740325927734,11.210180282592773,1827.4000244140625
2021-11-09,1615.5914306640625,9.683159828186035,11.220459938049316,1830.199951171875
2021-11-10,1624.09130859375,9.72719955444336,11.2752103805542,1847.5999755859375
2021-11-11,1625.09130859375,9.843099594116211,11.298100471496582,1863.199951171875
2021-11-12,1638.4913330078125,9.920900344848633,11.354840278625488,1867.9000244140625
2021-11-15,1702.490966796875,10.029609680175781,11.47488021850586,1866.0999755859375
2021-11-16,1685.591064453125,10.057499885559082,11.426609992980957,1853.5999755859375
2021-11-17,1706.990966796875,10.34220027923584,11.698539733886719,1869.699951171875
2021-11-18,1736.890869140625,10.730779647827148,12.144669532775879,1861.0
2021-11-19,1737.2908935546875,11.03711986541748,12.546449661254883,1851.199951171875
2021-11-22,1755.49072265625,11.105500221252441,12.52748966217041,1806.0
2021-11-23,1784.5904541015625,11.406100273132324,12.774709701538086,1783.5
2021-11-24,1812.2904052734375,12.818900108337402,14.37086009979248,1784.0999755859375
2021-11-25,1819.1903076171875,11.913999557495117,13.302319526672363,
2021-11-26,1776.390625,11.984299659729004,13.390170097351074,1785.300048828125
2021-11-29,1808.7904052734375,12.329099655151367,13.929229736328125,1782.300048828125
2021-11-30,1809.6903076171875,12.699000358581543,14.347000122070312,1773.5999755859375
2021-12-01,1857.39013671875,13.50160026550293,15.297340393066406,1781.5999755859375
2021-12-02,1880.0899658203125,13.44320011138916,15.21780014038086,1760.699951171875
2021-12-03,1910.389892578125,13.717100143432617,15.47776985168457,1782.0
2021-12-06,1927.3897705078125,13.632049560546875,15.455060005187988,1777.5
2021-12-07,1980.989501953125,13.783149719238281,15.551799774169922,1782.5999755859375
2021-12-08,2004.58935546875,13.520500183105469,15.246600151062012,1783.4000244140625
2021-12-09,2031.3892822265625,13.682700157165527,15.492899894714355,1774.5999755859375
2021-12-10,2035.4892578125,13.773300170898438,15.556090354919434,1782.9000244140625
2021-12-13,2101.48876953125,13.854889869689941,15.667590141296387,1786.300048828125
2021-12-14,2157.6884765625,13.803290367126465,15.574390411376953,1770.4000244140625
2021-12-15,2162.28857421875,14.377799987792969,16.1677303314209,1762.5999755859375
2021-12-16,2278.587890625,14.81410026550293,16.693090438842773,1796.5999755859375
2021-12-17,2084.489013671875,15.660750389099121,17.73232078552246,1803.800048828125
2021-12-20,2056.388916015625,16.608980178833008,18.655109405517578,1793.699951171875
2021-12-21,1891.989990234375,13.475899696350098,15.332039833068848,1787.9000244140625
2021-12-22,1804.1904296875,12.270709991455078,13.84982967376709,1801.5999755859375
2021-12-23,1805.29052734375,12.032299995422363,13.57863998413086,1811.199951171875
2021-12-24,1891.2900390625,11.413299560546875,12.79751968383789,
2021-12-27,1897.0899658203125,10.807069778442383,12.230560302734375,1808.0999755859375
2021-12-28,1850.490234375,11.521050453186035,13.052539825439453,1810.199951171875
2021-12-29,1895.489990234375,11.803119659423828,13.352519989013672,1805.0999755859375
2021-12-30,1863.6900634765625,12.640299797058105,14.31054973602295,1812.699951171875
2021-12-31,1857.6900634765625,13.290499687194824,14.993060111999512,1827.5
2022-01-03,1926.689697265625,13.356599807739258,15.189530372619629,1799.4000244140625
2022-01-04,1963.589599609375,13.061699867248535,14.762999534606934,1814.0
2022-01-05,2005.2894287109375,13.411499977111816,15.07151985168457,1824.5999755859375
2022-01-06,2007.58935546875,13.687999725341797,15.445910453796387,1788.699951171875
2022-01-07,2033.289306640625,13.782099723815918,15.434040069580078,1797.0
2022-01-10,2045.1890869140625,13.749349594116211,15.591050148010254,1798.4000244140625
2022-01-11,2045.9891357421875,13.809000015258789,15.622750282287598,1818.5999755859375
2022-01-12,2064.18896484375,13.760499954223633,15.63700008392334,1827.199951171875
2022-01-13,2070.68896484375,13.243399620056152,15.043600082397461,1821.199951171875
2022-01-14,2072.888916015625,13.5826997756958,15.465270042419434,1816.5
2022-01-17,2085.7890625,13.43317985534668,15.326720237731934,
2022-01-18,1979.78955078125,13.450599670410156,15.32390022277832,1812.300048828125
2022-01-19,2042.089111328125,13.527700424194336,15.299460411071777,1843.0999755859375
2022-01-20,2014.189208984375,13.423600196838379,15.17726993560791,1842.5
2022-01-21,2011.1893310546875,13.354999542236328,15.04345989227295,1831.800048828125
2022-01-24,1910.2899169921875,13.434650421142578,15.232279777526855,1841.699951171875
2022-01-25,1945.089599609375,13.434760093688965,15.236029624938965,1852.699951171875
2022-01-26,1951.1895751953125,13.476900100708008,15.255900382995605,1829.9000244140625
2022-01-27,1997.6893310546875,13.577099800109863,15.2333402633667,1793.300048828125
2022-01-28,1983.189453125,13.617600440979004,15.104430198669434,1784.9000244140625
2022-01-31,2003.1893310546875,13.482049942016602,15.03477954864502,1795.0
2022-02-01,2015.3892822265625,13.29580020904541,14.911999702453613,1800.300048828125
2022-02-02,2002.1893310546875,13.350179672241211,15.048970222473145,1809.199951171875
2022-02-03,1957.8896484375,13.46560001373291,15.180500030517578,1803.0
2022-02-04,1943.789794921875,13.566200256347656,15.503390312194824,1806.5999755859375
2022-02-07,1997.58935546875,13.556659698486328,15.525850296020508,1820.5999755859375
2022-02-08,2007.08935546875,13.570369720458984,15.525320053100586,1826.5999755859375
2022-02-09,2042.88916015625,13.577210426330566,15.50510025024414,1835.199951171875
2022-02-10,2038.6890869140625,13.539199829101562,15.455880165100098,1836.199951171875
2022-02-11,2051.089111328125,13.496100425720215,15.397130012512207,1840.800048828125
2022-02-14,2001.889404296875,13.505419731140137,15.347359657287598,1868.0
2022-02-15,2038.1890869140625,13.590800285339355,15.369230270385742,1854.800048828125
2022-02-16,2041.38916015625,13.60319995880127,15.445070266723633,1870.199951171875
2022-02-17,2009.9893798828125,13.59570026397705,15.453120231628418,1900.699951171875
2022-02-18,2032.3892822265625,13.522600173950195,15.372810363769531,1898.5999755859375
2022-02-21,2038.089111328125,13.60807991027832,15.398900032043457,
2022-02-22,2017.4892578125,13.67549991607666,15.442079544067383,1906.0999755859375
2022-02-23,2015.9892578125,13.762280464172363,15.590669631958008,1909.199951171875
2022-02-24,1851.3902587890625,13.820500373840332,15.604740142822266,1925.0999755859375
2022-02-25,1952.3896484375,14.053000450134277,15.65565013885498,1886.5
2022-02-28,1946.1895751953125,14.028840065002441,15.688630104064941,1899.4000244140625
2022-03-01,1969.8895263671875,13.791000366210938,15.461629867553711,1942.4000244140625
2022-03-02,1986.0894775390625,13.835200309753418,15.412679672241211,1920.9000244140625
2022-03-03,2023.289306640625,13.982999801635742,15.538189888000488,1934.4000244140625
2022-03-04,1990.7894287109375,14.113499641418457,15.600879669189453,1965.0999755859375
2022-03-07,1997.2894287109375,14.239629745483398,15.482560157775879,1993.9000244140625
2022-03-08,2011.389404296875,14.378999710083008,15.614279747009277,2040.0999755859375
2022-03-09,2042.6890869140625,14.491299629211426,15.780229568481445,1985.9000244140625
2022-03-10,2041.9891357421875,14.659099578857422,16.196420669555664,1998.0999755859375
2022-03-11,2053.888916015625,14.838000297546387,16.374040603637695,1982.699951171875
2022-03-14,2088.489013671875,14.75,16.12381935119629,1959.5999755859375
2022-03-15,2079.388916015625,14.774860382080078,16.18433952331543,1928.5
2022-03-16,2088.7890625,14.700799942016602,16.12487030029297,1908.0
2022-03-17,2133.5888671875,14.557979583740234,16.044790267944336,1942.0999755859375
2022-03-18,2144.28857421875,14.703310012817383,16.319929122924805,1928.199951171875
2022-03-21,2174.988525390625,14.806859970092773,16.359130859375,1928.5999755859375
2022-03-22,2188.788330078125,14.82174015045166,16.328510284423828,1920.699951171875
2022-03-23,2183.088623046875,14.818300247192383,16.346189498901367,1936.5999755859375
2022-03-24,2176.1884765625,14.826700210571289,16.31817054748535,1961.5999755859375
2022-03-25,2175.488525390625,14.836000442504883,16.310020446777344,1953.800048828125
2022-03-28,2172.488525390625,14.82759952545166,16.2810001373291,1939.5999755859375
2022-03-29,2206.48828125,14.821399688720703,16.295679092407227,1912.0
2022-03-30,2230.188232421875,14.569250106811523,16.158580780029297,1933.5
2022-03-31,2233.2880859375,14.651009559631348,16.35396957397461,1949.199951171875
2022-04-01,2251.68798828125,14.666199684143066,16.23969078063965,1919.0999755859375
2022-04-04,2311.3876953125,14.674039840698242,16.21417999267578,1929.199951171875
2022-04-05,2326.28759765625,14.691499710083008,16.111940383911133,1922.9000244140625
2022-04-06,2316.3876953125,14.717900276184082,16.048450469970703,1918.4000244140625
2022-04-07,2345.1875,14.699589729309082,16.024450302124023,1933.800048828125
2022-04-08,2393.38720703125,14.753700256347656,16.005640029907227,1941.5999755859375
2022-04-11,2449.087158203125,14.74020004272461,16.043729782104492,1944.300048828125
2022-04-12,2463.786865234375,14.664600372314453,15.950160026550293,1972.0999755859375
2022-04-13,2460.386962890625,14.581500053405762,15.777480125427246,1981.0
2022-04-14,2475.38671875,14.59060001373291,15.8958101272583,1970.9000244140625
2022-04-15,2494.38671875,14.622699737548828,15.819829940795898,
2022-04-18,2510.28662109375,14.621800422668457,15.815699577331543,1982.9000244140625
2022-04-19,2519.1865234375,14.640899658203125,15.787650108337402,1955.699951171875
2022-04-20,2525.886474609375,14.652000427246094,15.807709693908691,1952.300048828125
2022-04-21,2556.786376953125,14.666799545288086,15.91450023651123,1944.9000244140625
2022-04-22,2472.48681640625,14.70398998260498,15.931039810180664,1931.0
2022-04-25,2482.5869140625,14.747099876403809,15.931500434875488,1893.199951171875
2022-04-26,2418.287109375,14.771900177001953,15.82645034790039,1901.4000244140625
2022-04-27,2451.386962890625,14.799699783325195,15.750929832458496,1885.9000244140625
2022-04-28,2428.386962890625,14.809800148010254,15.626779556274414,1888.699951171875
2022-04-29,2430.587158203125,14.78888988494873,15.531140327453613,1909.300048828125
2022-05-02,,14.854900360107422,15.651009559631348,1861.800048828125
2022-05-03,,14.886699676513672,15.637020111083984,1868.800048828125
2022-05-04,,14.80679988861084,15.566309928894043,1867.0
2022-05-05,2466.286865234375,14.739700317382812,15.636300086975098,1874.0
2022-05-06,2458.68701171875,14.865079879760742,15.666319847106934,1881.199951171875
2022-05-09,2465.686767578125,14.940130233764648,15.734049797058105,1857.0999755859375
2022-05-10,2490.186767578125,15.098400115966797,15.945199966430664,1839.9000244140625
2022-05-11,2453.886962890625,15.32544994354248,16.13739013671875,1852.5999755859375
2022-05-12,2390.9873046875,15.285400390625,16.068340301513672,1823.800048828125
2022-05-13,2419.18701171875,15.406800270080566,15.993000030517578,1807.4000244140625
2022-05-16,2390.787353515625,15.480199813842773,16.100290298461914,1813.5
2022-05-17,2394.787353515625,15.600299835205078,16.26881980895996,1818.199951171875
2022-05-18,2393.58740234375,15.911999702453613,16.755260467529297,1815.9000244140625
2022-05-19,,15.956299781799316,16.713699340820312,1841.199951171875
2022-05-20,2372.38720703125,15.902649879455566,16.82229995727539,1841.800048828125
2022-05-23,2380.88720703125,15.929900169372559,16.812280654907227,1847.800048828125
2022-05-24,2374.9873046875,15.933099746704102,17.012910842895508,1865.0999755859375
2022-05-25,2418.087158203125,16.09749984741211,17.204099655151367,1846.199951171875
2022-05-26,2450.787109375,16.347999572753906,17.43745994567871,1847.4000244140625
2022-05-27,2438.787109375,16.360700607299805,17.549560546875,1851.300048828125
2022-05-30,2527.1865234375,16.334299087524414,17.49471092224121,
2022-05-31,2547.086669921875,16.383499145507812,17.646820068359375,1842.699951171875
2022-06-01,2568.786376953125,16.377729415893555,17.57887077331543,1843.300048828125
2022-06-02,2601.586181640625,16.443700790405273,17.455259323120117,1866.5
2022-06-03,2601.2861328125,16.48349952697754,17.711959838867188,1845.4000244140625
2022-06-06,2648.0859375,16.508699417114258,17.640050888061523,1839.199951171875
2022-06-07,2648.185791015625,16.594329833984375,17.74683952331543,1847.5
2022-06-08,2540.386474609375,16.837099075317383,18.01272964477539,1851.9000244140625
2022-06-09,2571.58642578125,17.176990509033203,18.408580780029297,1848.800048828125
2022-06-10,2543.086669921875,17.239599227905273,18.320199966430664,1871.5
2022-06-13,2510.086669921875,17.23390007019043,18.042129516601562,1828.0
2022-06-14,2508.886474609375,17.269100189208984,17.974720001220703,1809.5
2022-06-15,2531.086669921875,17.251279830932617,18.006370544433594,1815.300048828125
2022-06-16,2485.38671875,17.236400604248047,18.003299713134766,1845.699951171875
2022-06-17,2533.28662109375,17.296600341796875,18.240589141845703,1835.5999755859375
2022-06-20,2539.1865234375,17.33650016784668,18.18553924560547,
2022-06-21,2575.88623046875,17.31220054626465,18.21385955810547,1834.5999755859375
2022-06-22,2574.286376953125,17.34600067138672,18.267160415649414,1834.300048828125
2022-06-23,2543.1865234375,17.342599868774414,18.318439483642578,1825.699951171875
2022-06-24,2554.086669921875,17.34589958190918,18.23130989074707,1826.5
2022-06-27,2529.28662109375,16.668899536132812,17.434099197387695,1820.9000244140625
2022-06-28,2490.186767578125,16.563800811767578,17.474769592285156,1817.5
2022-06-29,2401.9873046875,16.624500274658203,17.43617057800293,1813.699951171875
2022-06-30,2405.38720703125,16.62820053100586,17.24095916748047,1804.0999755859375
2022-07-01,2443.787109375,16.6919002532959,17.49180030822754,1798.9000244140625
2022-07-04,2405.9873046875,16.733539581298828,17.45844078063965,
2022-07-05,2371.287353515625,16.778430938720703,17.505319595336914,1761.800048828125
2022-07-06,2408.187255859375,17.001399993896484,17.386899948120117,1734.9000244140625
2022-07-07,2425.587158203125,17.212499618530273,17.506240844726562,1737.9000244140625
2022-07-08,2433.987060546875,17.258899688720703,17.533239364624023,1740.5999755859375
2022-07-11,,17.2716007232666,17.503019332885742,1730.0
2022-07-12,,17.34469985961914,17.325559616088867,1723.300048828125
2022-07-13,2408.08740234375,17.280500411987305,17.273210525512695,1734.199951171875
2022-07-14,2382.38720703125,17.41119956970215,17.429969787597656,1704.5
2022-07-15,,17.464099884033203,17.506650924682617,1702.4000244140625
2022-07-18,2451.287109375,17.339599609375,17.362239837646484,1709.199951171875
2022-07-19,2501.98681640625,17.461000442504883,17.689289093017578,1710.0
2022-07-20,2525.1865234375,17.541200637817383,17.94076919555664,1699.5
2022-07-21,2511.386474609375,17.594999313354492,17.920900344848633,1712.699951171875
2022-07-22,2516.586669921875,17.72047996520996,18.115659713745117,1727.0999755859375
2022-07-25,2548.486572265625,17.757299423217773,18.10003089904785,1719.0
2022-07-26,2537.086669921875,17.829200744628906,18.216800689697266,1717.699951171875
2022-07-27,2544.086669921875,17.871999740600586,18.10239028930664,1719.0999755859375
2022-07-28,2543.28662109375,17.867399215698242,18.212350845336914,1750.300048828125
2022-07-29,2592.38623046875,17.945199966430664,18.28597068786621,1762.9000244140625
2022-08-01,2656.285888671875,17.922500610351562,18.269540786743164,1769.0
2022-08-02,2647.5859375,17.89349937438965,18.33283042907715,1771.0999755859375
2022-08-03,2684.48583984375,17.943099975585938,18.217159271240234,1758.0
2022-08-04,2723.685546875,17.930700302124023,18.206249237060547,1788.5
2022-08-05,2750.4853515625,17.941699981689453,18.380260467529297,1772.9000244140625
2022-08-08,2795.085205078125,17.9237003326416,18.198869705200195,1786.800048828125
2022-08-09,2785.18505859375,17.93779945373535,18.27910041809082,1794.0
2022-08-10,2829.585205078125,17.923999786376953,18.25925064086914,1795.5999755859375
2022-08-11,2868.384765625,17.870100021362305,18.386140823364258,1789.699951171875
2022-08-12,2864.284912109375,17.949100494384766,18.51926040649414,1798.5999755859375
2022-08-15,2857.184814453125,17.940000534057617,18.385610580444336,1781.4000244140625
2022-08-16,2913.28466796875,17.951860427856445,18.241600036621094,1773.199951171875
2022-08-17,2979.984130859375,17.90625,18.20907974243164,1760.300048828125
2022-08-18,3019.98388671875,17.944000244140625,18.256349563598633,1755.300048828125
2022-08-19,3020.183837890625,18.07670021057129,18.215280532836914,1747.5999755859375
2022-08-22,3062.483642578125,18.087799072265625,18.137479782104492,1734.0
2022-08-23,3121.4833984375,18.090999603271484,17.973459243774414,1746.800048828125
2022-08-24,3060.283935546875,18.120899200439453,18.036800384521484,1747.800048828125
2022-08-25,3136.783447265625,18.148000717163086,18.08293914794922,1757.699951171875
2022-08-26,3146.08349609375,18.165800094604492,18.102800369262695,1736.0999755859375
2022-08-29,3164.983154296875,18.167509078979492,18.05487060546875,1736.5999755859375
2022-08-30,,18.18000030517578,18.190139770507812,1723.199951171875
2022-08-31,3171.18310546875,18.15026092529297,18.194549560546875,1712.800048828125
2022-09-01,3142.683349609375,18.189199447631836,18.252220153808594,1696.5999755859375
2022-09-02,3222.682861328125,18.20709991455078,18.110319137573242,1709.800048828125
2022-09-05,3358.382080078125,18.211029052734375,18.047300338745117,
2022-09-06,3391.3818359375,18.214149475097656,18.1226806640625,1700.4000244140625
2022-09-07,3402.781982421875,18.22620964050293,18.04129981994629,1715.300048828125
2022-09-08,3437.381591796875,18.221200942993164,18.211530685424805,1708.0
2022-09-09,3521.381103515625,18.23870086669922,18.259899139404297,1716.199951171875
2022-09-12,3649.1806640625,18.221399307250977,18.333900451660156,1728.0999755859375
2022-09-13,3426.8818359375,18.22249984741211,18.452709197998047,1705.0
2022-09-14,3446.981689453125,18.246400833129883,18.20248031616211,1696.5
2022-09-15,3363.082275390625,18.22907066345215,18.199220657348633,1665.4000244140625
2022-09-16,3377.2822265625,18.27322006225586,18.244829177856445,1671.699951171875
2022-09-19,3199.48291015625,18.25429916381836,18.293909072875977,1666.199951171875
2022-09-20,3277.482666015625,18.29290008544922,18.345779418945312,1659.699951171875
2022-09-21,3245.78271484375,18.310720443725586,18.255970001220703,1664.5999755859375
2022-09-22,3295.282470703125,18.315000534057617,18.025800704956055,1670.800048828125
2022-09-23,3281.582763671875,18.33799934387207,18.034500122070312,1645.300048828125
2022-09-26,3260.1826171875,18.4325008392334,17.844770431518555,1623.300048828125
2022-09-27,3265.582763671875,18.449499130249023,17.732519149780273,1626.699951171875
2022-09-28,3198.18310546875,18.442899703979492,17.64896011352539,1660.4000244140625
2022-09-29,3146.88330078125,18.523300170898438,17.973310470581055,1658.5
2022-09-30,3179.983154296875,18.497499465942383,18.145809173583984,1662.4000244140625
2022-10-03,3392.08203125,18.516199111938477,18.063949584960938,1692.9000244140625
2022-10-04,3457.981689453125,18.523700714111328,18.178260803222656,1721.0999755859375
2022-10-05,3484.38134765625,18.569700241088867,18.509859085083008,1711.4000244140625
2022-10-06,3553.881103515625,18.54833984375,18.381959915161133,1711.699951171875
2022-10-07,3567.5810546875,18.575300216674805,18.179800033569336,1700.5
2022-10-10,3581.98095703125,18.577999114990234,17.998720169067383,1667.300048828125
2022-10-11,3571.5810546875,18.583099365234375,18.03314971923828,1678.699951171875
2022-10-12,3517.781494140625,18.5841007232666,18.021669387817383,1670.300048828125
2022-10-13,3553.381103515625,18.509899139404297,17.97072982788086,1670.0
2022-10-14,3626.980712890625,18.552900314331055,18.103069305419922,1641.699951171875
2022-10-17,3847.57958984375,18.58690071105957,18.097509384155273,1657.0
2022-10-18,3841.579833984375,18.54891014099121,18.258060455322266,1649.0
2022-10-19,3880.279541015625,18.57990074157715,18.319660186767578,1627.5
2022-10-20,3900.879150390625,18.59309959411621,18.16128921508789,1630.800048828125
2022-10-21,3934.579345703125,18.5856990814209,18.170339584350586,1651.0
2022-10-24,3977.47900390625,18.554330825805664,18.292709350585938,1648.699951171875
2022-10-25,3974.97900390625,18.59079933166504,18.326539993286133,1652.800048828125
2022-10-26,3976.37890625,18.606800079345703,18.53944969177246,1664.0
2022-10-27,3934.479248046875,18.59040069580078,18.75922966003418,1660.699951171875
2022-10-28,3878.9794921875,18.60890007019043,18.544099807739258,1639.5999755859375
2022-10-31,3978.97900390625,18.572969436645508,18.480520248413086,1635.9000244140625
2022-11-01,4054.678466796875,18.616670608520508,18.403779983520508,1645.0
2022-11-02,4071.87841796875,18.604299545288086,18.336950302124023,1645.699951171875
2022-11-03,4105.47802734375,18.614999771118164,18.268199920654297,1627.300048828125
2022-11-04,4216.9775390625,18.60919952392578,18.142499923706055,1672.5
2022-11-07,4331.67724609375,18.60007095336914,18.466339111328125,1676.5
2022-11-08,4360.27685546875,18.444000244140625,18.477380752563477,1712.0999755859375
2022-11-09,4360.97705078125,18.54050064086914,18.69179916381836,1710.0999755859375
2022-11-10,4467.076171875,18.585039138793945,18.62697982788086,1750.300048828125
2022-11-11,4455.4765625,18.482650756835938,18.837369918823242,1766.0
2022-11-14,4570.17578125,18.491619110107422,19.11104965209961,1773.5999755859375
2022-11-15,4656.97509765625,18.591100692749023,19.15625,1773.800048828125
2022-11-16,4668.47509765625,18.60770034790039,19.265100479125977,1773.0
2022-11-17,4507.17626953125,18.603679656982422,19.337209701538086,1760.800048828125
2022-11-18,4526.67626953125,18.599199295043945,19.256669998168945,1751.9000244140625
2022-11-21,4570.275390625,18.610429763793945,19.22368049621582,1737.4000244140625
2022-11-22,4780.6748046875,18.60059928894043,19.029800415039062,1738.300048828125
2022-11-23,4854.17431640625,18.61210060119629,19.18079948425293,1744.9000244140625
2022-11-24,4858.17431640625,18.608999252319336,19.373310089111328,
2022-11-25,4874.27392578125,18.626800537109375,19.37424087524414,1753.300048828125
2022-11-28,4923.17431640625,18.59602928161621,19.282920837402344,1740.0999755859375
2022-11-29,4962.4736328125,18.618499755859375,19.22064971923828,1748.4000244140625
2022-11-30,4977.57373046875,18.63990020751953,19.230379104614258,1746.0
2022-12-01,5046.17333984375,18.6299991607666,19.408479690551758,1801.0999755859375
2022-12-02,4962.9736328125,18.632600784301758,19.607450485229492,1795.9000244140625
2022-12-05,4957.7734375,18.630699157714844,19.63990020751953,1767.4000244140625
2022-12-06,5000.07373046875,18.62459945678711,19.548770904541016,1769.300048828125
2022-12-07,4826.974609375,18.62660026550293,19.494970321655273,1785.5
2022-12-08,4855.8740234375,18.62697982788086,19.58180046081543,1788.699951171875
2022-12-09,5005.2734375,18.638530731201172,19.676319122314453,1798.0999755859375
2022-12-12,5193.2724609375,18.635610580444336,19.607080459594727,1780.5
2022-12-13,5256.17236328125,18.617900848388672,19.626100540161133,1813.9000244140625
2022-12-14,5066.47314453125,18.629499435424805,19.742490768432617,1807.5
2022-12-15,5188.7724609375,18.607770919799805,19.86952018737793,1777.199951171875
2022-12-16,5214.27197265625,18.64459991455078,19.8115291595459,1790.0
2022-12-19,5391.87109375,18.622900009155273,19.701980590820312,1787.699951171875
2022-12-20,5418.97119140625,18.645200729370117,19.774030685424805,1815.9000244140625
2022-12-21,5429.0712890625,18.636680603027344,19.799800872802734,1815.9000244140625
2022-12-22,5447.17138671875,18.654800415039062,19.784650802612305,1787.0
2022-12-23,5454.77099609375,18.66963005065918,19.791669845581055,1795.9000244140625
2022-12-26,5504.07080078125,18.623430252075195,19.73419952392578,
2022-12-27,5434.47119140625,18.65679931640625,19.815269470214844,1814.800048828125
2022-12-28,5345.57177734375,18.656999588012695,19.805389404296875,1807.9000244140625
2022-12-29,5476.87060546875,18.69367027282715,19.86751937866211,1819.5
2022-12-30,5509.1708984375,18.70298957824707,19.937570571899414,1819.699951171875
2023-01-02,5661.06982421875,18.644729614257812,19.95490074157715,
2023-01-03,5626.5703125,18.74329948425293,20.0137996673584,1839.699951171875
2023-01-04,5523.470703125,18.70686912536621,19.728639602661133,1852.800048828125
2023-01-05,5116.37255859375,18.735950469970703,19.87264060974121,1834.800048828125
2023-01-06,5341.9716796875,18.766599655151367,19.74622917175293,1864.199951171875
2023-01-09,5170.97265625,18.768489837646484,19.99894905090332,1872.699951171875
2023-01-10,4987.9736328125,18.758499145507812,20.10972023010254,1871.5999755859375
2023-01-11,4728.875,18.754459381103516,20.1389102935791,1874.5999755859375
2023-01-12,4970.673828125,18.773399353027344,20.210590362548828,1895.5
2023-01-13,4984.87353515625,18.77869987487793,20.38665008544922,1918.4000244140625
2023-01-16,5207.67236328125,18.783069610595703,20.330610275268555,
2023-01-17,5314.9716796875,18.779090881347656,20.33662986755371,1907.199951171875
2023-01-18,5384.171875,18.75263023376465,20.232589721679688,1904.4000244140625
2023-01-19,5422.37109375,18.763029098510742,20.258819580078125,1922.0999755859375
2023-01-20,5490.2705078125,18.792699813842773,20.348709106445312,1926.4000244140625
2023-01-23,5404.37109375,18.793350219726562,20.417470932006836,1927.0999755859375
2023-01-24,5366.4716796875,18.719240188598633,20.349689483642578,1933.9000244140625
2023-01-25,5297.771484375,18.795230865478516,20.46331024169922,1941.199951171875
2023-01-26,5230.97216796875,18.804000854492188,20.542600631713867,1929.0999755859375
2023-01-27,5191.7724609375,18.81049919128418,20.490999221801758,1928.5999755859375
2023-01-30,5096.27294921875,18.798599243164062,20.441659927368164,1922.9000244140625
2023-01-31,4976.57373046875,18.808000564575195,20.398820877075195,1929.5
2023-02-01,4713.375,18.804000854492188,20.418960571289062,1927.800048828125
2023-02-02,4752.1748046875,18.807449340820312,20.71099090576172,1916.300048828125
2023-02-03,4997.57373046875,18.80525016784668,20.508359909057617,1862.9000244140625
2023-02-06,4930.173828125,18.825319290161133,20.31290054321289,1866.199951171875
2023-02-07,4505.27587890625,18.829099655151367,20.200050354003906,1871.699951171875
2023-02-08,4505.27587890625,18.831600189208984,20.203340530395508,1877.4000244140625
2023-02-09,,18.832359313964844,20.178560256958008,1866.199951171875
2023-02-10,,18.829700469970703,20.221050262451172,1862.800048828125
2023-02-13,,18.82975959777832,20.10434913635254,1851.9000244140625
2023-02-14,,18.837459564208984,20.21183967590332,1854.0
2023-02-15,4950.4736328125,18.84394073486328,20.22896957397461,1834.199951171875
2023-02-16,5008.57373046875,18.85038948059082,20.180599212646484,1842.0
2023-02-17,5026.77294921875,18.854820251464844,20.10260009765625,1840.4000244140625
2023-02-20,5148.87255859375,18.85346031188965,20.14266014099121,
2023-02-21,5149.37255859375,18.863500595092773,20.148540496826172,1833.0
2023-02-22,5071.373046875,18.862699508666992,20.06764030456543,1832.0
2023-02-23,5086.17333984375,18.875200271606445,20.01474952697754,1818.0
2023-02-24,5058.77294921875,18.86302947998047,19.991479873657227,1808.800048828125
2023-02-27,5197.37255859375,18.882020950317383,19.926950454711914,1817.0
2023-02-28,5237.27197265625,18.884199142456055,20.033489227294922,1828.9000244140625
2023-03-01,5322.671875,18.882400512695312,19.97003936767578,1837.699951171875
2023-03-02,5261.3720703125,18.883399963378906,20.146900177001953,1833.5
2023-03-03,5212.3720703125,18.885700225830078,20.0103702545166,1847.699951171875
2023-03-06,5392.27099609375,18.88681983947754,20.06800079345703,1847.9000244140625
2023-03-07,5381.87158203125,18.869890213012695,20.167680740356445,1813.9000244140625
2023-03-08,5438.37109375,18.918100357055664,19.95401954650879,1812.699951171875
2023-03-09,5446.17138671875,18.940799713134766,19.980270385742188,1829.300048828125
2023-03-10,5384.57177734375,18.951900482177734,20.045820236206055,1862.0
2023-03-13,5323.171875,18.961389541625977,20.256450653076172,1911.699951171875
2023-03-14,5207.27197265625,18.97100067138672,20.34869956970215,1906.199951171875
2023-03-15,5121.57275390625,18.974899291992188,20.354190826416016,1926.5999755859375
2023-03-16,5229.572265625,18.98699951171875,20.093320846557617,1919.0
2023-03-17,5136.37255859375,19.00200080871582,20.160730361938477,1969.800048828125
2023-03-20,4975.4736328125,19.00787925720215,20.294469833374023,1979.199951171875
2023-03-21,4906.57421875,19.00881004333496,20.37779998779297,1938.0
2023-03-22,5001.07373046875,19.033199310302734,20.494609832763672,1946.800048828125
2023-03-23,5061.97314453125,19.043899536132812,20.686840057373047,1993.800048828125
2023-03-24,5031.97314453125,19.057199478149414,20.64042091369629,1982.0999755859375
2023-03-27,4997.7734375,19.0802001953125,20.564220428466797,1952.4000244140625
2023-03-28,4811.474609375,19.092580795288086,20.632169723510742,1972.4000244140625
2023-03-29,4943.173828125,19.12070083618164,20.706510543823242,1966.0999755859375
2023-03-30,4896.07421875,19.14689064025879,20.761449813842773,1980.300048828125
2023-03-31,4812.87451171875,19.17569923400879,20.909629821777344,1969.0
2023-04-03,4839.47412109375,19.193479537963867,20.730939865112305,1983.9000244140625
2023-04-04,4984.07373046875,19.20479965209961,20.954299926757812,2022.199951171875
2023-04-05,4919.8740234375,19.216999053955078,21.053489685058594,2020.9000244140625
2023-04-06,4912.77392578125,19.250099182128906,20.98971939086914,2011.9000244140625
2023-04-07,4924.57373046875,19.250699996948242,21.019840240478516,
2023-04-10,5092.27294921875,19.245399475097656,20.99275016784668,1989.0999755859375
2023-04-11,5124.2724609375,19.265300750732422,20.93423080444336,2004.800048828125
2023-04-12,5146.07275390625,19.291040420532227,21.059640884399414,2010.9000244140625
2023-04-13,5135.57275390625,19.308759689331055,21.242279052734375,2041.300048828125
2023-04-14,5092.873046875,19.335100173950195,21.361650466918945,2002.199951171875
2023-04-17,5059.373046875,19.378299713134766,21.286020278930664,1994.199951171875
2023-04-18,5018.67333984375,19.385299682617188,21.175830841064453,2007.4000244140625
2023-04-19,5061.17333984375,19.399599075317383,21.280990600585938,1995.199951171875
2023-04-20,5012.2734375,19.3981990814209,21.24262046813965,2007.5999755859375
2023-04-21,,19.404260635375977,21.281429290771484,1979.5
2023-04-24,5022.77294921875,19.405170440673828,21.328990936279297,1989.0999755859375
2023-04-25,4890.97412109375,19.402700424194336,21.449899673461914,1994.0
2023-04-26,4783.474609375,19.41783905029297,21.316099166870117,1985.699951171875
2023-04-27,4789.57470703125,19.423099517822266,21.44618034362793,1989.9000244140625
2023-04-28,4617.87548828125,19.43549919128418,21.438779830932617,1990.0999755859375
2023-05-01,,19.449499130249023,21.413949966430664,1983.4000244140625
2023-05-02,4506.17626953125,19.452049255371094,21.341520309448242,2014.300048828125
2023-05-03,4485.97607421875,19.473539352416992,21.436260223388672,2028.5999755859375
2023-05-04,4484.3759765625,19.474889755249023,21.55500030517578,2048.0
2023-05-05,4400.7763671875,19.487199783325195,21.47859001159668,2017.4000244140625
2023-05-08,4561.87548828125,19.499000549316406,21.483999252319336,2026.300048828125
2023-05-09,4536.17626953125,19.50189971923828,21.445430755615234,2036.199951171875
2023-05-10,4494.47607421875,19.520000457763672,21.4001407623291,2030.5
2023-05-11,4847.97412109375,19.53969955444336,21.458829879760742,2014.699951171875
2023-05-12,4795.57470703125,19.565799713134766,21.35279083251953,2014.5
2023-05-15,4501.17626953125,19.628000259399414,21.296960830688477,2018.0
2023-05-16,4589.67578125,19.67970085144043,21.389179229736328,1988.4000244140625
2023-05-17,4661.67529296875,19.731300354003906,21.44045066833496,1980.699951171875
2023-05-18,4501.67626953125,19.764400482177734,21.419870376586914,1956.5
2023-05-19,,19.806859970092773,21.341299057006836,1978.699951171875
2023-05-22,4466.17626953125,19.815900802612305,21.445329666137695,1974.800048828125
2023-05-23,4470.97607421875,19.84454917907715,21.452550888061523,1972.4000244140625
2023-05-24,4424.87646484375,19.863929748535156,21.391080856323242,1962.800048828125
2023-05-25,4427.9765625,19.907100677490234,21.4053897857666,1943.0999755859375
2023-05-26,4580.67578125,19.97439956665039,21.37550926208496,1944.0999755859375
2023-05-29,4768.57470703125,19.989200592041016,21.44841957092285,
2023-05-30,4951.37353515625,20.1270809173584,21.54986000061035,1958.0
2023-05-31,4886.8740234375,20.611600875854492,22.09132957458496,1963.9000244140625
2023-06-01,4959.7734375,20.786399841308594,22.187559127807617,1978.0
2023-06-02,5114.97265625,20.890199661254883,22.463319778442383,1952.4000244140625
2023-06-05,5372.671875,21.080299377441406,22.493019104003906,1958.0
2023-06-06,5388.77099609375,21.269500732421875,22.779539108276367,1965.5
2023-06-07,5561.1708984375,21.93440055847168,23.43341064453125,1942.699951171875
2023-06-08,5553.970703125,23.295530319213867,24.941139221191406,1963.5999755859375
2023-06-09,5626.47021484375,23.498699188232422,25.292949676513672,1962.199951171875
2023-06-12,5588.97021484375,23.645999908447266,25.4143009185791,1955.300048828125
2023-06-13,5429.0712890625,23.66010093688965,25.422170639038086,1944.5999755859375
2023-06-14,5360.771484375,23.638500213623047,25.435440063476562,1955.300048828125
2023-06-15,5495.470703125,23.568500518798828,25.55900001525879,1957.800048828125
2023-06-16,5475.47119140625,23.650800704956055,25.802980422973633,1958.4000244140625
2023-06-19,5269.27197265625,23.548500061035156,25.664369583129883,
2023-06-20,5251.572265625,23.601499557495117,25.63715934753418,1935.5
2023-06-21,5186.7724609375,23.572099685668945,25.71207046508789,1933.300048828125
2023-06-22,5428.27099609375,23.554800033569336,25.83584976196289,1912.699951171875
2023-06-23,5582.77001953125,24.885099411010742,27.20846939086914,1919.0999755859375
2023-06-26,5732.86962890625,25.317800521850586,27.48349952697754,1923.699951171875
2023-06-27,5759.0693359375,25.960159301757812,28.321130752563477,1914.0
2023-06-28,,25.989990234375,28.475929260253906,1912.300048828125
2023-06-29,,26.055500030517578,28.39072036743164,1909.199951171875
2023-06-30,,26.03860092163086,28.248380661010742,1921.0999755859375
2023-07-03,6015.26806640625,25.422399520874023,28.41629981994629,1921.699951171875
2023-07-04,6003.8681640625,25.864200592041016,28.22100067138672,
2023-07-05,6106.767578125,25.978099822998047,28.270099639892578,1919.5999755859375
2023-07-06,6141.0673828125,26.085599899291992,28.183420181274414,1908.699951171875
2023-07-07,6187.0673828125,26.12980079650879,28.45599937438965,1926.199951171875
2023-07-10,6270.36669921875,26.137800216674805,28.56015968322754,1925.0
2023-07-11,6362.8662109375,26.037189483642578,28.648880004882812,1931.300048828125
2023-07-12,6342.06640625,26.110000610351562,28.736370086669922,1956.199951171875
2023-07-13,6368.3662109375,26.199600219726562,29.080570220947266,1959.199951171875
2023-07-14,6437.666015625,26.057199478149414,29.202180862426758,1960.0999755859375
2023-07-17,6600.46484375,26.25,29.35205078125,1952.4000244140625
2023-07-18,6364.96630859375,26.382200241088867,29.581329345703125,1977.199951171875
2023-07-19,6571.26513671875,26.947799682617188,30.229389190673828,1977.5
2023-07-20,6682.064453125,26.820499420166016,29.986400604248047,1968.300048828125
2023-07-21,6687.76416015625,26.850500106811523,29.83363914489746,1964.300048828125
2023-07-24,6695.064453125,26.95199966430664,29.945749282836914,1960.300048828125
2023-07-25,6604.96484375,26.96940040588379,29.703800201416016,1962.0999755859375
2023-07-26,6743.8642578125,26.923500061035156,29.719249725341797,1968.9000244140625
2023-07-27,6856.06396484375,26.895700454711914,29.784379959106445,1945.4000244140625
2023-07-28,7067.26220703125,26.9552001953125,29.5914306640625,1960.4000244140625
2023-07-31,7216.9619140625,26.84040069580078,29.587779998779297,1970.5
2023-08-01,7168.4619140625,26.925979614257812,29.61050033569336,1940.699951171875
2023-08-02,7258.46142578125,26.973499298095703,29.686290740966797,1937.4000244140625
2023-08-03,7221.4619140625,26.962299346923828,29.49251937866211,1932.0
2023-08-04,7400.56103515625,26.963289260864258,29.528200149536133,1939.5999755859375
2023-08-07,7470.060546875,26.994300842285156,29.65097999572754,1933.5
2023-08-08,7412.16064453125,27.005399703979492,29.71143913269043,1924.0999755859375
2023-08-09,7600.65966796875,26.925180435180664,29.505149841308594,1915.4000244140625
2023-08-10,7441.46044921875,26.94700050354004,29.579450607299805,1914.4000244140625
2023-08-11,7714.35888671875,27.05120086669922,29.705190658569336,1912.9000244140625
2023-08-14,7737.35888671875,27.112199783325195,29.629150390625,1910.5999755859375
2023-08-15,7690.7587890625,27.055400848388672,29.50044059753418,1902.5
2023-08-16,7662.25927734375,27.047889709472656,29.492210388183594,1896.0999755859375
2023-08-17,7764.458984375,27.073659896850586,29.43577003479004,1884.0999755859375
2023-08-18,7513.259765625,27.125,29.475059509277344,1886.0999755859375
2023-08-21,7796.65869140625,27.138399124145508,29.466089248657227,1893.300048828125
2023-08-22,7771.2587890625,27.20549964904785,29.64068031311035,1896.4000244140625
2023-08-23,7602.15966796875,27.20490074157715,29.496259689331055,1918.5
2023-08-24,7491.8603515625,27.19339942932129,29.520750045776367,1918.199951171875
2023-08-25,7716.6591796875,25.905399322509766,27.92222023010254,1911.0999755859375
2023-08-28,7941.658203125,26.353700637817383,28.23417091369629,1917.9000244140625
2023-08-29,7907.05810546875,26.309499740600586,28.212879180908203,1936.5
2023-08-30,,26.54829978942871,28.736309051513672,1944.300048828125
2023-08-31,7917.85791015625,26.681299209594727,29.130720138549805,1938.199951171875
2023-09-01,8056.05712890625,26.68790054321289,28.884889602661133,1939.800048828125
2023-09-04,8141.2568359375,26.577299118041992,28.433860778808594,
2023-09-05,8236.0556640625,26.77120018005371,28.848970413208008,1926.199951171875
2023-09-06,8181.65673828125,26.78059959411621,28.532129287719727,1918.0999755859375
2023-09-07,8337.65625,26.816499710083008,28.66840934753418,1917.5
2023-09-08,8325.255859375,26.85810089111328,28.690689086914062,1918.4000244140625
2023-09-11,8146.45654296875,26.665090560913086,28.562129974365234,1923.300048828125
2023-09-12,8159.8564453125,26.866870880126953,28.874900817871094,1911.300048828125
2023-09-13,8013.857421875,26.919200897216797,28.93058967590332,1909.0999755859375
2023-09-14,8118.7568359375,26.885499954223633,28.788049697875977,1910.0
2023-09-15,7961.95751953125,26.944400787353516,28.63690948486328,1923.699951171875
2023-09-18,7680.359375,26.786020278930664,28.557430267333984,1931.5
2023-09-19,7783.95849609375,26.987499237060547,28.821090698242188,1932.0
2023-09-20,7719.7587890625,27.018299102783203,28.84964942932129,1945.5999755859375
2023-09-21,8000.45751953125,27.02280044555664,28.721599578857422,1919.199951171875
2023-09-22,8039.15771484375,27.104780197143555,28.895320892333984,1925.4000244140625
2023-09-25,8304.755859375,27.178089141845703,28.937509536743164,1916.5999755859375
2023-09-26,8242.255859375,27.207380294799805,28.815610885620117,1900.4000244140625
2023-09-27,8213.755859375,27.34280014038086,28.82402992248535,1871.5999755859375
2023-09-28,8218.65625,27.332799911499023,28.681610107421875,1860.4000244140625
2023-09-29,8334.8564453125,27.458900451660156,28.990049362182617,1848.0999755859375
2023-10-02,8486.955078125,27.48110008239746,28.975799560546875,1830.0
2023-10-03,8513.455078125,27.461999893188477,28.75684928894043,1824.5999755859375
2023-10-04,8333.0556640625,27.527599334716797,28.81753921508789,1818.5
2023-10-05,8487.955078125,27.55459976196289,28.928590774536133,1816.5999755859375
2023-10-06,8464.85546875,27.582599639892578,29.079139709472656,1830.199951171875
2023-10-09,8193.3564453125,27.71269989013672,29.215560913085938,1849.5
2023-10-10,8442.7548828125,27.71969985961914,29.31934928894043,1861.0
2023-10-11,8330.5556640625,27.727500915527344,29.41274070739746,1872.800048828125
2023-10-12,8259.255859375,27.718799591064453,29.413280487060547,1869.300048828125
2023-10-13,8113.2568359375,27.842300415039062,29.232629776000977,1927.4000244140625
2023-10-16,7934.55810546875,27.706300735473633,28.97248077392578,1921.0999755859375
2023-10-17,8114.95703125,27.87019920349121,29.399620056152344,1922.699951171875
2023-10-18,7842.65869140625,27.96139907836914,29.558269500732422,1955.300048828125
2023-10-19,7768.958984375,28.019559860229492,29.52644920349121,1968.4000244140625
2023-10-20,7510.66015625,28.02429962158203,29.651790618896484,1982.5
2023-10-23,7750.35888671875,28.04990005493164,29.661149978637695,1976.300048828125
2023-10-24,7990.357421875,28.081710815429688,29.960969924926758,1975.0
2023-10-25,7424.96044921875,28.122499465942383,29.7906494140625,1984.0999755859375
2023-10-26,7662.0595703125,28.1481990814209,29.743669509887695,1987.199951171875
2023-10-27,7706.35888671875,28.16670036315918,29.73780059814453,1988.5999755859375
2023-10-30,7712.85888671875,28.202829360961914,29.786699295043945,1996.199951171875
2023-10-31,7514.06005859375,28.257369995117188,29.992660522460938,1985.199951171875
2023-11-01,7528.56005859375,28.302400588989258,29.94293975830078,1978.800048828125
2023-11-02,7663.5595703125,28.32309913635254,29.9868106842041,1985.5999755859375
2023-11-03,7705.958984375,28.35890007019043,30.174789428710938,1991.5
2023-11-06,7867.95849609375,28.383150100708008,30.451520919799805,1981.5999755859375
2023-11-07,7844.75830078125,28.447599411010742,30.48996925354004,1966.800048828125
2023-11-08,7860.8583984375,28.49519920349121,30.474809646606445,1951.5
2023-11-09,7841.45849609375,28.517309188842773,30.541170120239258,1964.199951171875
2023-11-10,7771.2587890625,28.525800704956055,30.410869598388672,1932.5999755859375
2023-11-13,7568.259765625,28.513660430908203,30.478540420532227,1945.5
2023-11-14,7671.0595703125,28.60610008239746,30.608259201049805,1961.800048828125
2023-11-15,7665.859375,28.641199111938477,31.1181697845459,1960.0999755859375
2023-11-16,7780.65869140625,28.679689407348633,31.127979278564453,1983.9000244140625
2023-11-17,7853.3583984375,28.701900482177734,31.149309158325195,1981.5999755859375
2023-11-20,7946.35791015625,28.647829055786133,31.246110916137695,1977.699951171875
2023-11-21,8046.5576171875,28.777830123901367,31.49675941467285,1999.300048828125
2023-11-22,7986.95751953125,28.79397964477539,31.432659149169922,1991.4000244140625
2023-11-23,7898.55810546875,28.83180046081543,31.373449325561523,
2023-11-24,7959.9580078125,28.840700149536133,31.391769409179688,2002.199951171875
2023-11-27,8107.1572265625,28.842559814453125,31.54766082763672,2011.800048828125
2023-11-28,8093.45703125,28.909400939941406,31.646499633789062,2039.699951171875
2023-11-29,8009.25732421875,28.91860008239746,31.795799255371094,2047.0999755859375
2023-11-30,7948.55810546875,28.940919876098633,31.75571060180664,2038.0999755859375
2023-12-01,8026.25732421875,28.88640022277832,31.43536949157715,2071.0
2023-12-04,8087.1572265625,28.89620018005371,31.445720672607422,2024.0999755859375
2023-12-05,8057.35693359375,28.917800903320312,31.304630279541016,2018.5
2023-12-06,7855.05859375,28.91469955444336,31.153879165649414,2030.5
2023-12-07,7978.75732421875,28.914899826049805,31.108959197998047,2029.9000244140625
2023-12-08,7913.7578125,28.91069984436035,31.206979751586914,1998.300048828125
2023-12-11,7728.35888671875,28.876100540161133,31.10611915588379,1978.0
2023-12-12,7748.85888671875,28.96109962463379,31.133249282836914,1977.800048828125
2023-12-13,7529.259765625,29.027099609375,31.315969467163086,1982.300048828125
2023-12-14,7813.3583984375,28.99180030822754,31.505340576171875,2030.199951171875
2023-12-15,7993.857421875,28.976600646972656,31.82910919189453,2021.0999755859375
2023-12-18,7790.3583984375,28.84041976928711,31.44780921936035,2026.300048828125
2023-12-19,7725.85888671875,29.0386905670166,31.718090057373047,2038.4000244140625
2023-12-20,7662.859375,29.088720321655273,31.94013023376465,2034.5
2023-12-21,7764.958984375,29.125499725341797,31.87204933166504,2039.0999755859375
2023-12-22,7557.56005859375,29.10354995727539,32.029911041259766,2057.10009765625
2023-12-25,,28.833330154418945,32.02170181274414,
2023-12-26,7299.26123046875,29.311399459838867,32.111019134521484,2058.199951171875
2023-12-27,7260.361328125,29.30590057373047,32.31452941894531,2081.89990234375
2023-12-28,7396.2607421875,29.38789939880371,32.61220932006836,2073.89990234375
2023-12-29,7470.16064453125,29.519800186157227,32.51750183105469,2062.39990234375
2024-01-01,,29.018070220947266,32.2056884765625,
2024-01-02,7624.25927734375,29.428199768066406,32.49087142944336,2064.39990234375
2024-01-03,7411.96044921875,29.74485969543457,32.54563903808594,2034.199951171875
2024-01-04,7547.759765625,29.77907943725586,32.56351852416992,2042.300048828125
2024-01-05,7628.65966796875,29.840900421142578,32.665401458740234,2042.4000244140625
2024-01-08,7818.8583984375,29.78428077697754,32.5872802734375,2026.5999755859375
2024-01-09,7736.2587890625,29.91390037536621,32.7136116027832,2026.4000244140625
2024-01-10,7874.158203125,29.96179962158203,32.778350830078125,2021.699951171875
2024-01-11,7895.9580078125,29.85420036315918,32.60404968261719,2014.300048828125
2024-01-12,7986.45751953125,30.06089973449707,32.99700164794922,2046.699951171875
2024-01-15,8043.95751953125,30.06355094909668,32.90346145629883,
2024-01-16,8032.15771484375,30.07284927368164,32.913490295410156,2026.0
2024-01-17,8024.357421875,30.118099212646484,32.75893020629883,2002.5999755859375
2024-01-18,8016.0576171875,30.137819290161133,32.803810119628906,2018.5999755859375
2024-01-19,7996.65771484375,30.153600692749023,32.79916000366211,2026.5
2024-01-22,8010.0576171875,30.191360473632812,32.87868118286133,2019.800048828125
2024-01-23,7950.05810546875,30.2587890625,32.912899017333984,2023.699951171875
2024-01-24,8090.85693359375,30.279499053955078,32.87377166748047,2013.9000244140625
2024-01-25,8169.8564453125,30.24799919128418,32.90253829956055,2016.9000244140625
2024-01-26,8346.255859375,30.297300338745117,32.84893035888672,2016.800048828125
2024-01-29,8471.6552734375,30.324670791625977,32.87921905517578,2025.199951171875
2024-01-30,8474.2548828125,30.34501075744629,32.89847183227539,2031.5
2024-01-31,8496.6552734375,30.358400344848633,32.91548156738281,2048.39990234375
2024-02-01,8646.0537109375,30.359800338745117,32.79507827758789,2053.0
2024-02-02,8665.654296875,30.44300079345703,33.102909088134766,2036.0999755859375
2024-02-05,8776.6533203125,30.300920486450195,32.720638275146484,2025.699951171875
2024-02-06,8869.052734375,30.536800384521484,32.743408203125,2034.5
2024-02-07,8842.953125,30.541120529174805,32.855281829833984,2035.199951171875
2024-02-08,8949.751953125,30.59149932861328,32.93233871459961,2032.199951171875
2024-02-09,9045.9521484375,30.668399810791016,33.02830123901367,2023.300048828125
2024-02-12,9174.55078125,30.64838981628418,33.05881881713867,2018.199951171875
2024-02-13,8993.9521484375,30.712900161743164,33.07379150390625,1992.9000244140625
2024-02-14,9072.0517578125,30.722900390625,32.89447021484375,1990.300048828125
2024-02-15,9242.1513671875,30.750099182128906,33.003700256347656,2002.0999755859375
2024-02-16,9250.3515625,30.815000534057617,33.17329025268555,2011.5
2024-02-19,9196.3515625,30.80282974243164,33.21870040893555,
2024-02-20,9344.9501953125,30.867900848388672,33.25075149536133,2027.5
2024-02-21,9312.0498046875,30.904909133911133,33.40787124633789,2022.300048828125
2024-02-22,9347.150390625,31.01650047302246,33.55244827270508,2019.699951171875
2024-02-23,9374.150390625,31.07349967956543,33.636199951171875,2038.5999755859375
2024-02-26,9334.0498046875,31.093120574951172,33.6392707824707,2028.5
2024-02-27,9179.451171875,31.115520477294922,33.775291442871094,2034.0
2024-02-28,9062.3525390625,31.14579963684082,33.76641082763672,2033.0
2024-02-29,9193.6513671875,31.208839416503906,33.82257843017578,2045.699951171875
2024-03-01,9097.15234375,31.279409408569336,33.79396057128906,2086.89990234375
2024-03-04,8907.6533203125,31.390369415283203,34.03281021118164,2117.699951171875
2024-03-05,8860.453125,31.571300506591797,34.26625061035156,2133.5
2024-03-06,8744.552734375,31.688119888305664,34.39809036254883,2150.300048828125
2024-03-07,9054.15234375,31.79730987548828,34.65398025512695,2158.0
2024-03-08,9155.2509765625,31.93320083618164,34.96208953857422,2178.60009765625
2024-03-11,9131.7509765625,31.996360778808594,35.01169967651367,2182.5
2024-03-12,9068.9521484375,32.03739929199219,35.02033996582031,2160.39990234375
2024-03-13,8910.1533203125,32.093780517578125,35.053958892822266,2175.39990234375
2024-03-14,8883.453125,32.1185302734375,35.177120208740234,2163.0
2024-03-15,8828.6533203125,32.19306945800781,35.038299560546875,2157.300048828125
2024-03-18,8718.0537109375,32.28765106201172,35.135738372802734,2160.699951171875
2024-03-19,8929.8525390625,32.33330154418945,35.15631866455078,2156.300048828125
2024-03-20,8955.0517578125,32.373348236083984,35.16587829589844,2157.89990234375
2024-03-21,9140.6513671875,32.41749954223633,35.3765983581543,2182.39990234375
2024-03-22,9111.4521484375,32.15650177001953,34.89910125732422,2158.10009765625
2024-03-25,9029.3525390625,32.08531188964844,34.5994987487793,2174.800048828125
2024-03-26,8807.353515625,32.16780090332031,34.86180114746094,2175.60009765625
2024-03-27,8806.6533203125,32.208499908447266,34.87594985961914,2190.60009765625
2024-03-28,9079.9521484375,32.29970169067383,34.92689895629883,2217.39990234375
2024-03-29,9142.3515625,32.449100494384766,34.89849090576172,
2024-04-01,9157.451171875,32.42340087890625,34.989810943603516,2236.5
2024-04-02,9040.8525390625,32.26240158081055,34.58726119995117,2261.0
2024-04-03,8945.751953125,32.052101135253906,34.39794158935547,2294.39990234375
2024-04-04,9128.951171875,31.94529914855957,34.58940124511719,2288.800048828125
2024-04-05,9618.7490234375,31.944990158081055,34.615909576416016,2325.699951171875
2024-04-08,9756.6484375,32.007598876953125,34.57075119018555,2331.699951171875
2024-04-09,9814.1484375,32.15650177001953,34.90510177612305,2343.5
2024-04-10,,32.22426986694336,34.990509033203125,2329.60009765625
2024-04-11,,32.2859992980957,34.66305923461914,2354.800048828125
2024-04-12,,32.4182014465332,34.63700866699219,2356.199951171875
2024-04-15,9679.748046875,32.39690017700195,34.49610137939453,2365.800048828125
2024-04-16,9548.048828125,32.40700912475586,34.432769775390625,2390.800048828125
2024-04-17,9530.44921875,32.51139831542969,34.52970886230469,2371.699951171875
2024-04-18,9524.548828125,32.47119903564453,34.55923080444336,2382.300048828125
2024-04-19,9693.4482421875,32.56330108642578,34.640140533447266,2398.39990234375
2024-04-22,9644.94921875,32.60334014892578,34.747989654541016,2332.199951171875
2024-04-23,,32.56460189819336,34.606468200683594,2327.699951171875
2024-04-24,9722.0478515625,32.510520935058594,34.79438018798828,2324.5
2024-04-25,9716.748046875,32.56671905517578,34.8431282043457,2329.800048828125
2024-04-26,9915.546875,32.535301208496094,34.8474006652832,2334.800048828125
2024-04-29,10082.74609375,32.53120040893555,34.792301177978516,2345.39990234375
2024-04-30,10045.646484375,32.36991882324219,34.684688568115234,2291.39990234375
2024-05-01,,32.40330123901367,34.52227020263672,2299.89990234375
2024-05-02,10208.646484375,32.27299880981445,34.55503845214844,2299.199951171875
2024-05-03,10276.845703125,32.40330123901367,34.70872116088867,2299.0
2024-05-06,10267.044921875,32.302398681640625,34.648109436035156,2321.60009765625
2024-05-07,10336.4453125,32.28260040283203,34.6733512878418,2315.199951171875
2024-05-08,10247.7451171875,32.25619888305664,34.65681076049805,2313.60009765625
2024-05-09,10268.544921875,32.3484992980957,34.621150970458984,2332.10009765625
2024-05-10,10218.544921875,32.28310012817383,34.7445182800293,2367.300048828125
2024-05-13,10055.9462890625,32.18122863769531,34.65885925292969,2336.10009765625
2024-05-14,10173.3466796875,32.25170135498047,34.78614044189453,2353.39990234375
2024-05-15,10158.5458984375,32.28120040893555,34.89767074584961,2388.699951171875
2024-05-16,10319.9453125,32.160499572753906,34.89699172973633,2380.0
2024-05-17,10643.54296875,32.262901306152344,35.045650482177734,2412.199951171875
2024-05-20,10739.54296875,32.232601165771484,34.88624954223633,2433.89990234375
2024-05-21,10895.2421875,32.212100982666016,34.959041595458984,2421.699951171875
2024-05-22,10899.2421875,32.19089889526367,34.92240905761719,2389.199951171875
2024-05-23,10792.4423828125,32.15095138549805,34.80276107788086,2335.0
2024-05-24,10676.6435546875,32.22200012207031,34.81766891479492,2332.5
2024-05-27,10656.943359375,32.220001220703125,34.9298095703125,
2024-05-28,10677.443359375,32.108001708984375,34.7309684753418,2355.199951171875
2024-05-29,10479.14453125,32.24089813232422,34.946739196777344,2340.300048828125
2024-05-30,10481.244140625,32.260101318359375,34.818359375,2342.89990234375
2024-05-31,10400.4453125,32.24380111694336,34.895328521728516,2322.89990234375
2024-06-03,10556.744140625,32.235801696777344,34.917240142822266,2346.60009765625
2024-06-04,10364.544921875,32.1786003112793,35.0640983581543,2325.5
2024-06-05,10350.9453125,32.6338005065918,35.50413131713867,2354.10009765625
2024-06-06,10279.6455078125,32.27439880371094,34.955108642578125,2370.300048828125
2024-06-07,10138.9462890625,32.28879928588867,35.08829879760742,2305.199951171875
2024-06-10,9997.84765625,32.40610122680664,34.69546890258789,2307.699951171875
2024-06-11,10051.3466796875,32.3828010559082,34.803001403808594,2307.5
2024-06-12,10165.4462890625,32.364898681640625,34.712310791015625,2336.0
2024-06-13,10391.845703125,32.32870101928711,34.87791061401367,2300.199951171875
2024-06-14,10471.244140625,32.4901008605957,34.8760986328125,2331.39990234375
2024-06-17,,32.65732955932617,34.948890686035156,2312.39990234375
2024-06-18,,32.819400787353516,35.20132827758789,2330.39990234375
2024-06-19,,32.55110168457031,34.85337829589844,
2024-06-20,10739.84375,32.513301849365234,34.889251708984375,2353.800048828125
2024-06-21,10771.3427734375,32.829498291015625,35.1107292175293,2316.39990234375
2024-06-24,10767.84375,32.82630157470703,35.00386047363281,2330.0
2024-06-25,10679.943359375,32.92097091674805,35.304378509521484,2316.60009765625
2024-06-26,10486.64453125,32.94459915161133,35.24834060668945,2299.199951171875
2024-06-27,10680.84375,32.8385009765625,35.03974914550781,2324.5
2024-06-28,10647.84375,32.88779830932617,35.146339416503906,2327.699951171875
2024-07-01,10343.2451171875,32.77050018310547,35.08620071411133,2327.60009765625
2024-07-02,10446.14453125,32.64820098876953,35.02764892578125,2323.0
2024-07-03,10682.1435546875,32.54359817504883,34.93162155151367,2359.800048828125
2024-07-04,10872.5419921875,32.53403854370117,35.131900787353516,
2024-07-05,10851.7421875,32.63800048828125,35.24787902832031,2388.5
2024-07-08,10864.0419921875,32.674598693847656,35.29671096801758,2355.199951171875
2024-07-09,10796.5419921875,32.71730041503906,35.393680572509766,2360.10009765625
2024-07-10,10743.2431640625,32.90380096435547,35.53424072265625,2372.199951171875
2024-07-11,11024.2412109375,32.879798889160156,35.581031799316406,2415.0
2024-07-12,11064.841796875,32.94902038574219,35.83388137817383,2414.0
2024-07-15,,33.084800720214844,36.00550842285156,2422.89990234375
2024-07-16,11139.240234375,33.01750183105469,35.91107940673828,2462.39990234375
2024-07-17,11134.041015625,33.04050064086914,36.0005989074707,2454.800048828125
2024-07-18,11139.4404296875,33.07957077026367,36.280879974365234,2451.800048828125
2024-07-19,11156.140625,33.088138580322266,36.070369720458984,2395.5
2024-07-22,11172.740234375,32.997840881347656,35.96303176879883,2392.0
2024-07-23,11089.44140625,32.92620086669922,35.79814147949219,2404.60009765625
2024-07-24,10991.541015625,32.84090042114258,35.58002853393555,2413.300048828125
2024-07-25,10871.4423828125,32.856300354003906,35.575130462646484,2351.89990234375
2024-07-26,10891.3427734375,33.11650085449219,35.937931060791016,2380.0
2024-07-29,10733.7431640625,33.02399826049805,35.72616958618164,2377.300048828125
2024-07-30,10691.6435546875,33.05550003051758,35.745819091796875,2405.0
2024-07-31,10638.54296875,33.0984992980957,35.79753875732422,2426.5
2024-08-01,10798.0419921875,33.17599868774414,35.90114974975586,2435.0
2024-08-02,10473.4443359375,33.1593017578125,35.742549896240234,2425.699951171875
2024-08-05,9893.34765625,33.24509811401367,36.26451873779297,2401.699951171875
2024-08-06,9881.1474609375,33.39419937133789,36.528831481933594,2389.10009765625
2024-08-07,10024.2470703125,33.61920166015625,36.71849822998047,2390.5
2024-08-08,10098.4462890625,33.5123291015625,36.738590240478516,2422.199951171875
2024-08-09,9907.34765625,33.532649993896484,36.601219177246094,2432.10009765625
2024-08-12,9828.5478515625,33.523101806640625,36.55923843383789,2462.39990234375
2024-08-13,9920.546875,33.453819274902344,36.58375930786133,2466.699951171875
2024-08-14,9830.8486328125,33.509498596191406,36.798179626464844,2439.39990234375
2024-08-15,9982.947265625,33.5921516418457,36.98704147338867,2453.10009765625
2024-08-16,9821.9482421875,33.638179779052734,36.90814971923828,2498.60009765625
2024-08-19,10054.146484375,33.6880989074707,37.10169982910156,2501.800048828125
2024-08-20,9982.2470703125,33.7588005065918,37.43832015991211,2511.300048828125
2024-08-21,9904.7470703125,33.8985595703125,37.75376892089844,2508.39990234375
2024-08-22,9921.34765625,33.92499923706055,37.8354606628418,2478.89990234375
2024-08-23,9668.0478515625,33.95750045776367,37.74953079223633,2508.39990234375
2024-08-26,9565.7490234375,34.02239990234375,38.045719146728516,2517.699951171875
2024-08-27,9748.748046875,34.025299072265625,37.99449920654297,2516.0
2024-08-28,9757.1484375,34.01723098754883,38.0186882019043,2501.0
2024-08-29,9833.1484375,34.139400482177734,37.957969665527344,2525.699951171875
2024-08-30,,34.07733917236328,37.75748062133789,2493.800048828125
2024-09-02,10110.146484375,34.07080078125,37.61323928833008,
2024-09-03,10021.7470703125,33.91339874267578,37.52568054199219,2489.89990234375
2024-09-04,9984.84765625,33.99760055541992,37.53879928588867,2493.39990234375
2024-09-05,9936.7470703125,34.03670120239258,37.673770904541016,2511.39990234375
2024-09-06,9771.1484375,33.98500061035156,37.69548034667969,2493.5
2024-09-09,9699.5478515625,33.99654006958008,37.693260192871094,2501.800048828125
2024-09-10,9623.94921875,34.095699310302734,37.59590148925781,2512.300048828125
2024-09-11,9419.650390625,34.04439926147461,37.481998443603516,2512.10009765625
2024-09-12,9520.94921875,33.99919891357422,37.39923095703125,2551.199951171875
2024-09-13,9685.4482421875,33.97460174560547,37.568260192871094,2581.300048828125
2024-09-16,9577.44921875,33.95515823364258,37.60150909423828,2580.39990234375
2024-09-17,9758.0478515625,33.979469299316406,37.81575012207031,2564.300048828125
2024-09-18,9774.4482421875,34.06909942626953,37.833919525146484,2570.699951171875
2024-09-19,9975.546875,34.07080078125,37.809810638427734,2588.0
2024-09-20,9900.2470703125,34.08000183105469,38.01176071166992,2619.89990234375
2024-09-23,9887.7470703125,34.05575180053711,38.00553894042969,2626.5
2024-09-24,10029.6474609375,34.14970016479492,37.93600082397461,2651.199951171875
2024-09-25,9890.947265625,34.112300872802734,38.15446853637695,2659.199951171875
2024-09-26,9829.1484375,34.160709381103516,38.02190017700195,2669.89990234375
2024-09-27,9777.4482421875,34.17539978027344,38.20637893676758,2644.300048828125
2024-09-30,9665.748046875,34.1490592956543,38.14073944091797,2636.10009765625
2024-10-01,9351.150390625,34.20399856567383,38.10945129394531,2667.300048828125
2024-10-02,9012.8525390625,34.18619918823242,37.75094985961914,2647.10009765625
2024-10-03,8898.1533203125,34.23059844970703,37.80508041381836,2657.10009765625
2024-10-04,9109.251953125,34.22679901123047,37.7707405090332,2645.800048828125
2024-10-07,9031.5517578125,34.22624969482422,37.55030059814453,2644.800048828125
2024-10-08,9044.8525390625,34.24570846557617,37.581581115722656,2615.0
2024-10-09,9132.2509765625,34.26350021362305,37.58671951293945,2606.0
2024-10-10,8964.0517578125,34.25619888305664,37.48320007324219,2620.60009765625
2024-10-11,8876.1533203125,34.25233840942383,37.4494514465332,2657.60009765625
2024-10-14,8699.154296875,34.27619934082031,37.425331115722656,2647.800048828125
2024-10-15,8860.2529296875,34.25215148925781,37.37168884277344,2661.39990234375
2024-10-16,8955.9521484375,34.19478988647461,37.21623992919922,2674.0
2024-10-17,9002.251953125,34.16460037231445,37.091339111328125,2691.0
2024-10-18,8793.552734375,34.19219970703125,36.99858093261719,2713.699951171875
2024-10-21,8654.3544921875,34.276100158691406,37.21160125732422,2723.10009765625
2024-10-22,8838.552734375,34.24570083618164,36.99971008300781,2744.199951171875
2024-10-23,8714.654296875,34.25310134887695,36.949119567871094,2714.39990234375
2024-10-24,8872.853515625,34.26839828491211,36.923770904541016,2734.89990234375
2024-10-25,8908.453125,34.28770065307617,37.116600036621094,2740.89990234375
2024-10-28,8945.751953125,34.28334045410156,37.019039154052734,2742.89990234375
2024-10-29,,34.28770065307617,37.08238983154297,2768.39990234375
2024-10-30,9006.5517578125,34.27479934692383,37.07217025756836,2788.5
2024-10-31,8863.853515625,34.283199310302734,37.2194709777832,2738.300048828125
2024-11-01,8884.953125,34.29376983642578,37.3296012878418,2738.60009765625
2024-11-04,8663.8544921875,34.32815170288086,37.32670974731445,2736.10009765625
2024-11-05,8618.5537109375,34.34980010986328,37.342960357666016,2740.300048828125
2024-11-06,8862.2529296875,34.307498931884766,37.44974136352539,2667.60009765625
2024-11-07,8946.0517578125,34.20090103149414,36.68648910522461,2698.39990234375
2024-11-08,9184.7509765625,34.340030670166016,37.0695915222168,2687.5
2024-11-11,9276.7509765625,34.35115051269531,36.80332946777344,2611.199951171875
2024-11-12,9226.8515625,34.32659912109375,36.58531951904297,2600.0
2024-11-13,9300.25,34.37080001831055,36.478389739990234,2580.800048828125
2024-11-14,9420.3505859375,34.34519958496094,36.284000396728516,2568.199951171875
2024-11-15,9389.5498046875,34.29668045043945,36.11199951171875,2565.699951171875
2024-11-18,9395.3505859375,34.34925842285156,36.173561096191406,2610.60009765625
2024-11-19,9232.8515625,34.571998596191406,36.57912826538086,2627.10009765625
2024-11-20,9031.751953125,34.499298095703125,36.534690856933594,2648.199951171875
2024-11-21,9367.75,34.4692497253418,36.349891662597656,2672.10009765625
2024-11-22,9549.849609375,34.527099609375,36.098079681396484,2709.89990234375
2024-11-25,9659.94921875,34.420040130615234,36.06842041015625,2616.800048828125
2024-11-26,9636.048828125,34.597530364990234,36.13595962524414,2620.300048828125
2024-11-27,9639.7490234375,34.65359878540039,36.3497314453125,2639.89990234375
2024-11-28,9640.048828125,34.63650131225586,36.5565299987793,
2024-11-29,9651.94921875,34.64836883544922,36.59109878540039,2657.0
2024-12-02,9681.0478515625,34.693389892578125,36.578250885009766,2634.89990234375
2024-12-03,9827.1484375,34.74789810180664,36.4798698425293,2644.699951171875
2024-12-04,9886.046875,34.74760055541992,36.5082893371582,2653.800048828125
2024-12-05,9935.947265625,34.73649978637695,36.51959991455078,2626.60009765625
2024-12-06,10080.9462890625,34.76679992675781,36.78961181640625,2638.60009765625
2024-12-09,10257.345703125,34.77888107299805,36.742008209228516,2664.89990234375
2024-12-10,10098.9462890625,34.81956100463867,36.747108459472656,2697.60009765625
2024-12-11,10058.4462890625,34.84510040283203,36.695369720458984,2733.800048828125
2024-12-12,10058.5458984375,34.86470031738281,36.58710861206055,2687.5
2024-12-13,10125.4462890625,34.94660186767578,36.59724044799805,2656.0
2024-12-16,9997.6474609375,34.95014953613281,36.738739013671875,2651.39990234375
2024-12-17,10011.2470703125,34.956600189208984,36.74127960205078,2644.39990234375
2024-12-18,9915.7470703125,35.009300231933594,36.734130859375,2636.5
2024-12-19,9765.0478515625,35.04899978637695,36.26905822753906,2592.199951171875
2024-12-20,9724.4482421875,35.1396484375,36.41838073730469,2628.699951171875
2024-12-23,9626.548828125,35.13113021850586,36.64984893798828,2612.300048828125
2024-12-24,9672.748046875,35.23160171508789,36.6611213684082,2620.0
2024-12-25,,34.883888244628906,36.42543029785156,
2024-12-26,9948.947265625,35.11949157714844,36.57863998413086,2638.800048828125
2024-12-27,10025.447265625,35.23429870605469,36.70729064941406,2617.199951171875
2024-12-30,9889.6474609375,35.1602897644043,36.65987014770508,2606.10009765625
2024-12-31,9830.5478515625,35.30524826049805,36.73310089111328,2629.199951171875
